Date,Close,Open,High,Low
2018-01-31,10265.4,10166.3,10397.7,9742.2
2018-02-01,9181.1,10266.2,10303.0,8789.2
2018-02-02,8893.2,9179.8,9201.4,7915.8
2018-02-03,9241.1,8894.4,9506.9,8249.3
2018-02-04,8222.2,9241.5,9382.1,7932.1
2018-02-05,6938.5,8220.8,8383.2,6651.9
2018-02-06,7701.2,6939.3,7896.2,5996.6
2018-02-07,7594.7,7693.8,8536.5,7196.6
2018-02-08,8164.2,7595.1,8489.9,7595.1
2018-02-09,8699.8,8163.6,8735.6,7784.6
2018-02-10,8559.6,8697.3,9066.6,8172.2
2018-02-11,8081.9,8559.7,8564.2,7843.7
2018-02-12,8903.5,8083.6,8984.9,8083.6
2018-02-13,8539.2,8906.2,8942.7,8378.0
2018-02-14,9476.3,8542.6,9500.0,8541.6
2018-02-15,10037.3,9475.6,10206.8,9348.5
2018-02-16,10178.7,10031.3,10294.3,9707.7
2018-02-17,11073.5,10177.3,11095.9,10070.9
2018-02-18,10398.8,11073.7,11271.6,10137.2
2018-02-19,11169.4,10396.6,11250.5,10324.8
2018-02-20,11238.7,11169.7,11791.5,11119.9
2018-02-21,10473.0,11240.9,11289.7,10252.2
2018-02-22,9841.7,10470.1,10930.2,9743.9
2018-02-23,10170.4,9840.6,10419.1,9597.8
2018-02-24,9704.3,10163.8,10506.1,9394.5
2018-02-25,9585.2,9703.1,9860.3,9330.1
2018-02-26,10285.1,9590.9,10378.4,9410.3
2018-02-27,10594.4,10287.8,10867.2,10120.5
2018-02-28,10333.9,10584.4,11070.7,10303.4
2018-03-01,10904.5,10335.1,11047.8,10248.7
2018-03-02,10827.7,10904.5,11167.0,10677.1
2018-03-03,11402.3,10822.5,11420.7,9585.5
2018-03-04,11416.5,11402.8,11490.3,10878.4
2018-03-05,11330.6,11415.7,11506.9,11281.2
2018-03-06,10675.1,11314.2,11316.4,10412.0
2018-03-07,9902.9,10779.0,10899.0,9422.1
2018-03-08,9300.0,9910.7,10109.0,9037.0
2018-03-09,9217.0,9301.9,9420.5,8351.0
2018-03-10,8762.0,9216.2,9500.0,8691.1
2018-03-11,9529.6,8732.2,9719.6,8516.4
2018-03-12,9137.4,9535.8,9892.2,8804.1
2018-03-13,9154.9,9138.7,9482.0,8875.1
2018-03-14,8210.6,9154.9,9353.4,7958.5
2018-03-15,8264.4,8210.2,8427.0,7691.7
2018-03-16,8289.2,8264.3,8604.8,7929.1
2018-03-17,7874.9,8198.0,8344.8,7760.2
2018-03-18,8201.2,7873.2,8283.6,7323.3
2018-03-19,8616.8,8200.9,8698.3,8127.7
2018-03-20,8912.6,8614.1,9039.6,8326.8
2018-03-21,8905.9,8912.4,9173.4,8775.1
2018-03-22,8726.2,8903.7,9096.2,8499.1
2018-03-23,8916.8,8725.3,8917.0,8305.6
2018-03-24,8547.4,8917.3,9008.8,8523.6
2018-03-25,8473.2,8549.1,8679.0,8392.2
2018-03-26,8143.5,8474.0,8515.7,7865.9
2018-03-27,7801.7,8146.5,8218.3,7760.6
2018-03-28,7954.9,7803.0,8110.4,7754.5
2018-03-29,7129.2,7955.2,7980.7,6954.9
2018-03-30,6853.7,7132.4,7288.1,6603.8
2018-03-31,6938.2,6856.5,7221.5,6804.9
2018-04-01,6825.2,6939.1,7047.7,6460.1
2018-04-02,7068.4,6825.4,7121.3,6787.6
2018-04-03,7424.2,7067.2,7519.3,7032.9
2018-04-04,6808.9,7423.8,7432.9,6726.9
2018-04-05,6782.0,6808.7,6918.2,6592.5
2018-04-06,6624.3,6783.7,6859.7,6523.4
2018-04-07,6905.7,6624.5,7071.9,6616.1
2018-04-08,7030.5,6905.9,7113.4,6903.9
2018-04-09,6781.9,7035.7,7192.5,6633.2
2018-04-10,6854.8,6782.6,6899.5,6671.6
2018-04-11,6962.1,6855.6,6988.6,6818.4
2018-04-12,7926.6,6963.3,8009.6,6779.3
2018-04-13,7887.4,7926.9,8228.0,7756.6
2018-04-14,8004.4,7891.1,8180.2,7839.3
2018-04-15,8363.6,8004.6,8411.5,8004.6
2018-04-16,8070.0,8362.2,8412.9,7908.5
2018-04-17,7908.6,8070.0,8171.7,7852.8
2018-04-18,8178.4,7908.5,8227.6,7895.3
2018-04-19,8290.8,8179.0,8303.7,8126.7
2018-04-20,8867.0,8292.3,8926.2,8224.5
2018-04-21,8923.1,8867.0,9027.7,8614.5
2018-04-22,8806.7,8923.6,9022.3,8766.5
2018-04-23,8952.8,8809.3,9001.0,8785.3
2018-04-24,9645.3,8952.7,9734.8,8937.0
2018-04-25,8873.1,9645.0,9753.1,8768.1
2018-04-26,9287.0,8874.5,9303.6,8669.8
2018-04-27,8940.9,9282.8,9386.3,8920.2
2018-04-28,9352.4,8940.8,9428.9,8895.5
2018-04-29,9415.1,9352.2,9565.1,9182.8
2018-04-30,9245.1,9415.8,9456.7,9135.4
2018-05-01,9074.9,9245.1,9245.1,8851.0
2018-05-02,9243.2,9076.8,9265.7,8991.9
2018-05-03,9749.7,9244.2,9809.4,9171.4
2018-05-04,9708.6,9747.6,9800.9,9549.0
2018-05-05,9853.5,9709.5,9992.8,9691.3
2018-05-06,9656.4,9859.6,9957.7,9446.7
2018-05-07,9431.6,9651.1,9675.6,9204.2
2018-05-08,9196.4,9373.9,9404.4,9079.8
2018-05-09,9319.1,9194.9,9377.9,8988.0
2018-05-10,9025.7,9319.2,9393.3,9013.4
2018-05-11,8408.3,9026.0,9028.7,8359.6
2018-05-12,8459.5,8409.6,8646.1,8184.1
2018-05-13,8693.5,8489.1,8758.4,8330.0
2018-05-14,8674.1,8693.4,8878.3,8305.1
2018-05-15,8477.0,8674.0,8842.1,8436.5
2018-05-16,8344.4,8477.0,8496.4,8120.1
2018-05-17,8063.0,8344.6,8458.7,8022.3
2018-05-18,8245.7,8064.4,8273.6,7939.8
2018-05-19,8245.1,8244.7,8389.1,8153.2
2018-05-20,8529.0,8243.9,8580.4,8184.7
2018-05-21,8403.3,8529.5,8550.6,8375.5
2018-05-22,8006.0,8403.8,8414.5,7979.3
2018-05-23,7512.3,8005.7,8047.4,7467.6
2018-05-24,7592.9,7512.3,7736.6,7293.4
2018-05-25,7477.7,7593.9,7653.4,7355.6
2018-05-26,7361.3,7478.5,7619.3,7331.5
2018-05-27,7366.7,7361.9,7411.8,7267.5
2018-05-28,7119.3,7367.3,7446.9,7090.6
2018-05-29,7467.7,7119.3,7533.0,7069.8
2018-05-30,7400.1,7469.2,7565.2,7306.8
2018-05-31,7502.6,7400.8,7611.9,7355.0
2018-06-01,7530.8,7502.5,7610.4,7375.8
2018-06-02,7646.6,7530.8,7694.5,7467.9
2018-06-03,7729.3,7646.6,7775.0,7611.3
2018-06-04,7504.3,7729.3,7759.9,7468.4
2018-06-05,7631.5,7507.4,7672.6,7391.0
2018-06-06,7661.0,7631.5,7699.1,7504.4
2018-06-07,7697.8,7661.0,7754.7,7657.7
2018-06-08,7622.1,7697.9,7710.5,7556.9
2018-06-09,7515.8,7622.1,7689.0,7493.3
2018-06-10,6775.1,7515.8,7516.3,6668.1
2018-06-11,6885.9,6775.2,6910.8,6657.2
2018-06-12,6558.2,6885.9,6887.2,6476.0
2018-06-13,6312.3,6558.5,6624.6,6129.1
2018-06-14,6647.1,6312.3,6711.5,6283.6
2018-06-15,6410.3,6647.3,6655.8,6395.7
2018-06-16,6505.8,6410.0,6564.2,6358.0
2018-06-17,6460.3,6505.8,6593.0,6452.1
2018-06-18,6719.8,6460.5,6794.5,6410.9
2018-06-19,6752.4,6719.8,6839.5,6681.5
2018-06-20,6765.4,6752.3,6812.7,6575.1
2018-06-21,6728.0,6765.8,6797.5,6695.1
2018-06-22,6055.7,6728.2,6739.7,5955.0
2018-06-23,6167.3,6055.2,6259.0,6032.8
2018-06-24,6154.6,6167.9,6248.3,5785.3
2018-06-25,6256.6,6155.1,6331.2,6101.7
2018-06-26,6082.1,6256.9,6267.7,6060.0
2018-06-27,6154.9,6081.1,6187.3,6025.4
2018-06-28,5883.5,6154.9,6178.4,5854.0
2018-06-29,6213.3,5883.2,6284.9,5818.5
2018-06-30,6398.9,6213.4,6498.5,6204.0
2018-07-01,6366.8,6398.5,6445.1,6284.7
2018-07-02,6619.5,6349.1,6680.0,6275.0
2018-07-03,6513.5,6618.6,6676.6,6513.5
2018-07-04,6598.4,6513.8,6774.5,6442.3
2018-07-05,6546.5,6598.0,6693.6,6466.1
2018-07-06,6617.7,6546.5,6638.2,6458.3
2018-07-07,6765.5,6617.7,6805.9,6531.1
2018-07-08,6714.8,6765.4,6784.0,6694.3
2018-07-09,6667.1,6715.1,6793.8,6637.7
2018-07-10,6307.2,6668.4,6686.8,6291.5
2018-07-11,6389.1,6307.2,6409.7,6296.6
2018-07-12,6250.6,6389.1,6389.4,6088.8
2018-07-13,6230.2,6250.8,6333.8,6144.5
2018-07-14,6254.8,6229.5,6313.5,6192.5
2018-07-15,6362.9,6254.8,6399.6,6238.5
2018-07-16,6729.9,6362.8,6749.2,6344.1
2018-07-17,7322.0,6729.8,7453.2,6666.0
2018-07-18,7383.6,7321.6,7581.2,7249.3
2018-07-19,7477.5,7383.9,7558.4,7288.8
2018-07-20,7339.4,7477.6,7683.6,7292.0
2018-07-21,7408.7,7339.3,7460.8,7223.5
2018-07-22,7412.3,7409.0,7575.3,7343.7
2018-07-23,7723.0,7412.4,7809.6,7379.2
2018-07-24,8407.0,7723.1,8479.8,7701.9
2018-07-25,8173.7,8404.9,8484.6,8062.1
2018-07-26,7937.0,8173.9,8304.3,7861.0
2018-07-27,8187.4,7936.9,8273.8,7808.3
2018-07-28,8234.1,8186.8,8234.1,8077.4
2018-07-29,8215.6,8231.5,8275.4,8113.3
2018-07-30,8177.1,8214.7,8262.0,7874.4
2018-07-31,7729.4,8176.4,8176.5,7649.8
2018-08-01,7606.4,7728.5,7753.2,7449.2
2018-08-02,7535.6,7606.4,7701.4,7470.6
2018-08-03,7419.0,7535.6,7535.6,7293.5
2018-08-04,7014.3,7418.9,7484.2,6949.7
2018-08-05,7027.1,7014.0,7087.6,6887.9
2018-08-06,6943.6,7027.8,7143.6,6852.5
2018-08-07,6724.9,6943.6,7149.7,6689.9
2018-08-08,6283.6,6725.2,6725.2,6138.8
2018-08-09,6538.8,6283.7,6620.2,6197.0
2018-08-10,6152.3,6539.5,6570.2,6043.4
2018-08-11,6231.6,6152.8,6469.6,6009.8
2018-08-12,6313.0,6232.1,6453.0,6169.8
2018-08-13,6255.3,6313.0,6524.1,6159.6
2018-08-14,6190.2,6255.3,6255.3,5898.3
2018-08-15,6256.9,6190.2,6592.8,6177.9
2018-08-16,6306.7,6256.9,6470.9,6249.8
2018-08-17,6581.7,6306.7,6581.7,6291.8
2018-08-18,6379.1,6581.8,6626.4,6295.5
2018-08-19,6481.5,6379.1,6534.8,6316.0
2018-08-20,6268.1,6474.2,6516.4,6255.9
2018-08-21,6482.2,6268.1,6484.1,6257.4
2018-08-22,6359.6,6482.2,6840.8,6304.8
2018-08-23,6521.2,6359.9,6550.2,6359.2
2018-08-24,6680.4,6521.2,6721.2,6472.8
2018-08-25,6734.8,6680.6,6783.4,6655.3
2018-08-26,6712.7,6734.9,6892.7,6573.1
2018-08-27,6897.6,6712.7,6902.9,6650.4
2018-08-28,7074.6,6897.6,7129.7,6861.2
2018-08-29,7029.1,7074.6,7121.4,6926.7
2018-08-30,6993.7,7029.2,7050.2,6798.0
2018-08-31,7033.8,6993.7,7080.2,6698.0
2018-09-01,7189.6,7032.4,7264.3,7020.4
2018-09-02,7293.9,7189.6,7334.8,7117.3
2018-09-03,7264.2,7289.8,7330.7,7182.8
2018-09-04,7377.5,7264.2,7409.9,7234.5
2018-09-05,6706.8,7377.5,7407.5,6691.8
2018-09-06,6514.0,6706.8,6732.9,6337.8
2018-09-07,6390.9,6514.1,6540.6,6316.2
2018-09-08,6184.3,6390.9,6484.3,6132.3
2018-09-09,6238.5,6184.3,6432.6,6148.8
2018-09-10,6321.0,6238.5,6358.5,6237.3
2018-09-11,6293.9,6320.7,6391.8,6189.6
2018-09-12,6338.0,6293.9,6353.5,6204.5
2018-09-13,6482.9,6338.0,6867.3,6337.8
2018-09-14,6483.7,6482.9,6579.4,6412.1
2018-09-15,6519.0,6482.6,6562.9,6470.3
2018-09-16,6500.2,6519.0,6520.8,6406.2
2018-09-17,6251.9,6500.2,6533.5,6215.9
2018-09-18,6342.0,6251.9,6388.8,6228.8
2018-09-19,6390.4,6342.0,6478.7,6144.5
2018-09-20,6489.2,6390.4,6537.5,6346.4
2018-09-21,6766.7,6490.9,6780.5,6489.8
2018-09-22,6729.6,6766.7,6833.3,6635.5
2018-09-23,6704.1,6729.6,6789.4,6666.4
2018-09-24,6584.1,6713.3,6728.1,6559.1
2018-09-25,6445.1,6590.6,6590.6,5977.0
2018-09-26,6468.1,6443.0,6551.9,6384.1
2018-09-27,6689.2,6463.7,6738.3,6428.8
2018-09-28,6636.0,6685.7,6809.2,6538.6
2018-09-29,6603.9,6633.9,6648.4,6464.4
2018-09-30,6635.2,6603.9,6673.9,6533.5
2018-10-01,6608.2,6635.2,6674.7,6072.7
2018-10-02,6549.9,6608.2,6645.7,6034.9
2018-10-03,6507.8,6549.9,6563.5,6429.6
2018-10-04,6584.2,6509.2,6653.0,6487.8
2018-10-05,6639.1,6584.2,6682.3,6537.6
2018-10-06,6596.3,6639.1,6661.5,6550.4
2018-10-07,6611.0,6596.3,6633.9,6523.8
2018-10-08,6669.6,6611.0,6699.5,6589.9
2018-10-09,6650.8,6669.6,6678.9,6613.3
2018-10-10,6618.0,6650.6,6653.5,6526.0
2018-10-11,6239.1,6618.0,6622.5,6206.2
2018-10-12,6291.3,6239.2,6344.8,6206.8
2018-10-13,6321.7,6291.3,6329.3,6282.8
2018-10-14,6326.8,6321.6,6390.9,6300.0
2018-10-15,6699.8,6326.8,7358.4,6300.2
2018-10-16,6705.3,6712.4,6836.7,6645.4
2018-10-17,6686.6,6718.9,6745.9,6637.8
2018-10-18,6574.1,6690.1,6736.3,6530.6
2018-10-19,6512.0,6576.4,6603.2,6506.9
2018-10-20,6572.2,6511.7,6593.7,6495.9
2018-10-21,6583.0,6575.9,6643.1,6568.0
2018-10-22,6555.8,6583.0,6612.7,6529.5
2018-10-23,6528.7,6558.6,6573.6,6500.5
2018-10-24,6530.7,6531.2,6593.8,6522.6
2018-10-25,6507.0,6532.5,6544.8,6491.5
2018-10-26,6510.0,6507.0,6570.5,6498.5
2018-10-27,6494.2,6510.0,6534.0,6473.7
2018-10-28,6486.1,6494.6,6502.2,6461.2
2018-10-29,6335.0,6486.1,6498.4,6310.5
2018-10-30,6325.7,6336.7,6469.9,6316.5
2018-10-31,6365.9,6327.9,6405.7,6257.8
2018-11-01,6400.5,6365.9,6421.8,6354.2
2018-11-02,6424.7,6400.5,6444.3,6390.9
2018-11-03,6386.2,6424.5,6429.5,6346.2
2018-11-04,6478.2,6386.2,6508.9,6359.7
2018-11-05,6459.7,6478.2,6489.2,6431.7
2018-11-06,6502.8,6460.4,6509.6,6441.6
2018-11-07,6565.3,6503.1,6594.3,6502.0
2018-11-08,6474.0,6565.3,6577.3,6466.3
2018-11-09,6412.0,6473.8,6496.1,6390.0
2018-11-10,6427.1,6411.9,6461.7,6411.7
2018-11-11,6446.1,6427.1,6451.7,6359.0
2018-11-12,6435.0,6445.0,6475.9,6409.4
2018-11-13,6429.2,6435.0,6466.8,6386.7
2018-11-14,5842.4,6428.9,6453.3,5619.2
2018-11-15,5718.9,5854.0,5878.5,5384.1
2018-11-16,5636.2,5723.5,5747.7,5539.7
2018-11-17,5621.8,5636.2,5645.5,5561.4
2018-11-18,5658.3,5621.0,5727.9,5615.5
2018-11-19,4883.8,5660.4,5662.5,4831.1
2018-11-20,4524.6,4883.6,5013.4,4272.3
2018-11-21,4638.7,4523.0,4743.7,4393.0
2018-11-22,4356.0,4646.4,4695.7,4346.7
2018-11-23,4398.0,4360.9,4455.6,4223.7
2018-11-24,3920.4,4397.3,4494.6,3821.5
2018-11-25,4062.2,3920.3,4198.4,3634.2
2018-11-26,3837.0,4061.0,4179.0,3679.8
2018-11-27,3866.5,3840.3,3920.6,3687.8
2018-11-28,4265.4,3866.4,4391.8,3866.4
2018-11-29,4296.5,4265.5,4440.1,4140.6
2018-11-30,4039.7,4296.8,4340.6,3954.5
2018-12-01,4196.2,4038.7,4299.1,3967.1
2018-12-02,4160.4,4196.2,4316.1,4105.3
2018-12-03,3897.8,4160.3,4177.0,3839.9
2018-12-04,3958.5,3899.9,4082.9,3809.3
2018-12-05,3771.6,3958.1,3974.1,3765.2
2018-12-06,3508.6,3771.4,3887.2,3505.7
2018-12-07,3422.2,3508.9,3626.6,3251.8
2018-12-08,3430.4,3422.3,3507.7,3302.9
2018-12-09,3567.5,3430.3,3677.6,3424.2
2018-12-10,3460.5,3566.9,3622.4,3412.7
2018-12-11,3407.7,3460.4,3485.9,3349.9
2018-12-12,3466.1,3390.2,3510.2,3379.4
2018-12-13,3315.3,3466.2,3474.4,3284.8
2018-12-14,3247.8,3315.4,3336.6,3199.1
2018-12-15,3228.7,3247.8,3282.3,3177.0
2018-12-16,3247.9,3228.6,3305.0,3225.9
2018-12-17,3526.1,3248.3,3597.4,3243.1
2018-12-18,3668.0,3526.0,3683.1,3456.9
2018-12-19,3687.1,3668.1,3924.7,3647.5
2018-12-20,4076.0,3687.2,4140.3,3665.8
2018-12-21,3850.9,4075.2,4153.1,3786.9
2018-12-22,3964.4,3850.9,3977.2,3803.7
2018-12-23,3944.4,3964.3,4037.1,3904.6
2018-12-24,4026.1,3944.5,4208.2,3941.9
2018-12-25,3762.5,4025.6,4030.7,3676.5
2018-12-26,3793.7,3762.8,3841.9,3680.3
2018-12-27,3586.9,3793.4,3822.6,3560.8
2018-12-28,3861.6,3587.1,3900.3,3565.5
2018-12-29,3706.8,3861.6,3899.6,3696.0
2018-12-30,3815.0,3708.2,3837.7,3682.5
2018-12-31,3709.4,3815.1,3819.6,3658.8
2019-01-01,3809.4,3709.5,3814.3,3664.4
2019-01-02,3873.8,3809.7,3894.8,3768.1
2019-01-03,3780.1,3874.1,3875.8,3753.0
2019-01-04,3802.7,3780.5,3823.9,3720.0
2019-01-05,3785.4,3802.8,3846.7,3769.0
2019-01-06,4004.1,3785.7,4034.1,3758.5
2019-01-07,3985.9,4004.3,4028.0,3945.5
2019-01-08,3971.0,3985.8,4070.5,3943.1
2019-01-09,3978.0,3971.0,4014.2,3957.5
2019-01-10,3603.7,3978.9,4007.7,3562.1
2019-01-11,3616.5,3603.3,3655.7,3563.1
2019-01-12,3597.2,3616.6,3633.9,3561.3
2019-01-13,3490.2,3597.3,3617.6,3473.2
2019-01-14,3638.1,3490.4,3672.0,3490.4
2019-01-15,3571.3,3637.5,3660.8,3545.7
2019-01-16,3588.0,3570.6,3644.1,3561.4
2019-01-17,3626.4,3588.1,3636.7,3554.8
2019-01-18,3605.6,3626.3,3627.9,3575.7
2019-01-19,3677.8,3605.8,3715.2,3604.1
2019-01-20,3542.3,3676.2,3699.1,3503.9
2019-01-21,3536.7,3542.7,3561.4,3505.4
2019-01-22,3580.1,3536.9,3607.9,3465.2
2019-01-23,3561.5,3580.1,3608.3,3532.8
2019-01-24,3574.3,3561.4,3587.0,3539.7
2019-01-25,3572.0,3574.3,3582.6,3542.2
2019-01-26,3570.9,3572.0,3652.5,3556.1
2019-01-27,3555.6,3570.9,3583.2,3509.2
2019-01-28,3442.8,3555.8,3561.2,3395.7
2019-01-29,3414.8,3442.8,3450.1,3368.2
2019-01-30,3460.0,3414.6,3479.0,3394.2
2019-01-31,3437.2,3460.0,3484.7,3427.0
2019-02-01,3467.9,3437.7,3485.7,3415.3
2019-02-02,3502.5,3467.9,3514.5,3447.8
2019-02-03,3459.1,3502.3,3507.8,3431.3
2019-02-04,3462.8,3459.0,3479.7,3437.1
2019-02-05,3468.4,3463.0,3485.9,3450.3
2019-02-06,3404.3,3468.5,3478.0,3383.9
2019-02-07,3397.7,3404.9,3421.8,3390.3
2019-02-08,3661.7,3397.3,3721.1,3382.5
2019-02-09,3661.4,3661.6,3675.3,3633.2
2019-02-10,3679.0,3661.0,3680.6,3617.1
2019-02-11,3631.8,3678.8,3681.1,3623.8
2019-02-12,3632.0,3631.8,3656.4,3594.4
2019-02-13,3611.5,3632.0,3663.5,3599.2
2019-02-14,3592.6,3611.5,3624.5,3580.2
2019-02-15,3604.7,3592.6,3648.3,3581.4
2019-02-16,3616.8,3604.7,3641.9,3599.7
2019-02-17,3664.2,3616.8,3689.9,3607.9
2019-02-18,3896.0,3664.2,3903.7,3655.1
2019-02-19,3914.3,3896.4,3993.8,3863.7
2019-02-20,3972.4,3914.3,3983.6,3881.2
2019-02-21,3936.6,3972.0,4011.5,3909.2
2019-02-22,3965.2,3937.4,3983.1,3931.7
2019-02-23,4120.4,3965.2,4152.6,3939.4
2019-02-24,3755.2,4120.5,4194.2,3738.7
2019-02-25,3833.7,3755.7,3870.7,3753.8
2019-02-26,3810.3,3833.5,3845.5,3775.0
2019-02-27,3814.6,3810.3,3836.4,3701.9
2019-02-28,3816.6,3814.6,3883.7,3783.3
2019-03-01,3821.9,3816.7,3855.8,3816.4
2019-03-02,3823.1,3821.9,3843.2,3783.6
2019-03-03,3809.5,3823.2,3836.6,3789.7
2019-03-04,3715.9,3809.7,3828.4,3681.8
2019-03-05,3857.2,3715.9,3873.2,3705.7
2019-03-06,3863.0,3857.2,3887.3,3816.7
2019-03-07,3875.1,3863.1,3907.4,3847.9
2019-03-08,3865.9,3875.1,3929.0,3810.7
2019-03-09,3944.3,3865.6,3964.0,3859.7
2019-03-10,3915.2,3944.4,3944.5,3889.2
2019-03-11,3870.3,3915.2,3935.5,3842.4
2019-03-12,3886.0,3870.3,3900.1,3817.1
2019-03-13,3865.1,3885.9,3894.7,3847.4
2019-03-14,3879.0,3865.1,3914.7,3828.4
2019-03-15,3924.3,3879.0,3935.7,3874.8
2019-03-16,4006.4,3924.4,4050.6,3923.7
2019-03-17,3981.5,4006.4,4009.8,3956.3
2019-03-18,3990.2,3981.5,4032.3,3958.5
2019-03-19,4017.0,3990.2,4029.9,3972.4
2019-03-20,4041.2,4017.0,4050.0,3985.3
2019-03-21,3982.2,4041.2,4064.0,3923.8
2019-03-22,3990.4,3982.2,4005.7,3971.8
2019-03-23,4002.5,3990.4,4018.2,3980.8
2019-03-24,3994.7,4002.6,4005.7,3967.0
2019-03-25,3937.0,3994.8,4000.5,3897.9
2019-03-26,3942.8,3937.1,3950.7,3899.9
2019-03-27,4041.7,3942.8,4043.3,3936.2
2019-03-28,4025.6,4041.7,4041.7,4008.4
2019-03-29,4102.2,4025.7,4123.1,4022.6
2019-03-30,4111.8,4103.7,4138.1,4057.1
2019-03-31,4102.3,4111.8,4121.9,4082.2
2019-04-01,4145.1,4102.3,4159.1,4076.8
2019-04-02,4859.3,4145.1,4899.6,4143.5
2019-04-03,4968.7,4859.3,5278.4,4814.0
2019-04-04,4902.4,4968.7,5042.5,4789.2
2019-04-05,5010.2,4902.5,5029.4,4888.3
2019-04-06,5046.2,5010.0,5198.4,4947.9
2019-04-07,5173.6,5046.1,5219.5,5033.7
2019-04-08,5245.2,5173.5,5300.6,5060.5
2019-04-09,5158.4,5245.0,5245.9,5095.2
2019-04-10,5307.8,5158.4,5404.1,5142.9
2019-04-11,5022.6,5307.7,5337.0,4948.0
2019-04-12,5054.2,5022.7,5080.5,4889.2
2019-04-13,5051.8,5054.2,5093.4,5011.6
2019-04-14,5134.8,5052.0,5153.5,5010.7
2019-04-15,5032.3,5135.1,5168.0,4964.2
2019-04-16,5180.9,5031.4,5198.4,5014.4
2019-04-17,5208.3,5182.1,5230.9,5165.5
2019-04-18,5264.7,5208.3,5293.1,5205.0
2019-04-19,5241.0,5264.8,5282.4,5192.1
2019-04-20,5290.2,5241.0,5327.0,5240.2
2019-04-21,5243.5,5290.2,5308.2,5189.8
2019-04-22,5346.7,5248.2,5370.2,5170.2
2019-04-23,5511.6,5346.5,5594.4,5291.4
2019-04-24,5415.6,5511.2,5589.6,5346.8
2019-04-25,5209.1,5415.6,5528.2,5137.4
2019-04-26,5298.3,5209.2,5469.3,5159.3
2019-04-27,5265.9,5298.2,5318.1,5225.4
2019-04-28,5302.3,5265.7,5332.5,5234.4
2019-04-29,5235.0,5302.4,5322.9,5188.9
2019-04-30,5320.8,5235.4,5336.6,5195.9
2019-05-01,5384.2,5321.1,5396.3,5319.5
2019-05-02,5493.8,5384.6,5530.8,5370.0
2019-05-03,5766.8,5493.6,5844.2,5478.7
2019-05-04,5830.9,5768.0,5899.2,5605.0
2019-05-05,5774.9,5830.8,5838.2,5708.2
2019-05-06,5745.1,5775.1,5801.4,5630.5
2019-05-07,5849.5,5745.5,6019.8,5745.5
2019-05-08,5990.3,5849.4,6011.3,5799.1
2019-05-09,6191.5,5990.5,6206.0,5990.0
2019-05-10,6386.0,6194.3,6466.6,6157.8
2019-05-11,7190.3,6386.6,7373.8,6386.5
2019-05-12,6984.8,7190.0,7518.9,6802.6
2019-05-13,7806.0,6984.7,8058.3,6893.1
2019-05-14,7994.6,7806.4,8323.9,7674.0
2019-05-15,8164.6,7994.8,8225.3,7856.5
2019-05-16,7871.8,8164.8,8293.3,7720.4
2019-05-17,7359.5,7871.9,7924.0,6998.6
2019-05-18,7262.6,7359.9,7458.5,7189.4
2019-05-19,8157.2,7261.9,8253.4,7252.3
2019-05-20,7965.3,8156.4,8156.4,7604.0
2019-05-21,7930.3,7965.0,8056.8,7813.2
2019-05-22,7635.7,7928.7,7999.0,7545.9
2019-05-23,7852.1,7637.2,7939.1,7486.8
2019-05-24,7970.1,7852.8,8124.1,7775.4
2019-05-25,8027.4,7971.4,8090.1,7919.1
2019-05-26,8630.2,8029.6,8718.6,7866.5
2019-05-27,8760.1,8628.9,8902.8,8607.3
2019-05-28,8716.3,8759.4,8794.1,8568.8
2019-05-29,8647.8,8715.6,8747.2,8435.3
2019-05-30,8271.9,8647.8,9045.9,8054.7
2019-05-31,8558.3,8271.4,8578.8,8135.0
2019-06-01,8545.7,8556.9,8615.8,8454.0
2019-06-02,8728.6,8545.8,8807.7,8534.8
2019-06-03,8124.8,8728.6,8734.9,8102.7
2019-06-04,7685.5,8118.1,8118.1,7494.0
2019-06-05,7779.1,7685.6,7885.0,7590.4
2019-06-06,7784.9,7779.6,7861.4,7480.4
2019-06-07,7985.2,7785.8,8099.4,7749.4
2019-06-08,7901.4,7985.3,8044.4,7770.5
2019-06-09,7635.0,7901.6,7937.5,7516.9
2019-06-10,7987.8,7635.0,8012.8,7523.6
2019-06-11,7888.0,7987.8,8010.4,7714.5
2019-06-12,8133.1,7888.0,8198.1,7805.8
2019-06-13,8219.0,8132.4,8306.1,8028.6
2019-06-14,8656.1,8218.6,8685.3,8153.2
2019-06-15,8812.5,8655.8,8856.7,8582.3
2019-06-16,8962.5,8812.2,9332.0,8771.1
2019-06-17,9318.8,8961.0,9438.1,8959.8
2019-06-18,9080.6,9318.9,9336.1,8962.7
2019-06-19,9255.4,9080.7,9295.1,9044.0
2019-06-20,9517.0,9255.0,9583.9,9188.4
2019-06-21,10179.3,9517.7,10184.3,9517.4
2019-06-22,10721.7,10178.1,11160.5,10031.3
2019-06-23,10897.1,10721.5,11361.3,10557.8
2019-06-24,11046.4,10897.3,11114.4,10622.6
2019-06-25,11809.9,11046.6,11833.9,11033.7
2019-06-26,13063.8,11811.6,13929.8,11747.3
2019-06-27,11287.8,13062.4,13422.0,10493.5
2019-06-28,12409.1,11288.4,12461.8,10970.5
2019-06-29,11906.5,12408.0,12422.9,11490.8
2019-06-30,10818.6,11906.0,12179.3,10765.4
2019-07-01,10616.6,10821.4,11254.5,10041.6
2019-07-02,10835.9,10615.5,10923.5,9728.5
2019-07-03,11900.8,10835.9,11931.8,10835.9
2019-07-04,11163.1,11899.3,11948.0,11087.1
2019-07-05,10970.2,11159.7,11381.8,10810.3
2019-07-06,11268.0,10969.8,11650.2,10967.9
2019-07-07,11415.9,11267.9,11524.6,11108.1
2019-07-08,12252.6,11415.8,12332.3,11304.8
2019-07-09,12541.5,12250.6,12772.9,12111.2
2019-07-10,12110.6,12542.8,13134.4,11594.9
2019-07-11,11342.3,12111.6,12111.6,11029.0
2019-07-12,11762.1,11343.7,11881.4,11109.8
2019-07-13,11364.9,11762.8,11798.4,10839.4
2019-07-14,10200.1,11364.3,11448.7,10128.9
2019-07-15,10845.9,10199.9,11064.7,9885.4
2019-07-16,9424.8,10844.0,11019.5,9375.3
2019-07-17,9723.2,9425.1,9983.6,9082.6
2019-07-18,10651.4,9723.1,10787.1,9390.0
2019-07-19,10571.5,10651.6,10758.4,10160.7
2019-07-20,10826.7,10571.9,11155.6,10462.0
2019-07-21,10714.4,10827.0,10883.8,10442.5
2019-07-22,10412.5,10715.1,10806.3,10196.5
2019-07-23,9888.7,10412.8,10414.7,9865.4
2019-07-24,9804.3,9887.2,9945.3,9584.0
2019-07-25,9945.3,9804.7,10203.5,9776.6
2019-07-26,9831.0,9945.2,10436.1,9724.2
2019-07-27,9492.1,9830.4,10232.3,9389.1
2019-07-28,9727.8,9491.1,9798.5,9401.1
2019-07-29,9580.9,9728.5,9835.4,9502.5
2019-07-30,9580.7,9580.0,9703.0,9483.0
2019-07-31,10082.0,9580.3,10100.0,9562.4
2019-08-01,10380.0,10081.9,10459.0,9890.6
2019-08-02,10520.1,10380.5,10664.8,10330.5
2019-08-03,10815.7,10519.9,10893.6,10504.5
2019-08-04,10934.6,10816.1,11017.7,10568.8
2019-08-05,11816.8,10934.8,11922.3,10934.8
2019-08-06,11480.9,11817.6,12291.9,11237.0
2019-08-07,12013.9,11481.0,12114.5,11406.4
2019-08-08,12191.6,12015.9,12236.6,11727.0
2019-08-09,12089.8,12190.0,12225.3,11885.0
2019-08-10,11314.5,12090.5,12185.0,11281.6
2019-08-11,11517.2,11314.6,11728.4,11146.1
2019-08-12,11394.2,11505.1,11508.6,11267.3
2019-08-13,10892.9,11395.0,11445.6,10793.2
2019-08-14,10049.4,10894.2,10894.5,9965.5
2019-08-15,10303.4,10053.3,10448.2,9580.1
2019-08-16,10335.6,10300.9,10734.0,9788.6
2019-08-17,10218.1,10335.5,10460.7,10016.3
2019-08-18,10312.7,10219.3,10494.9,10086.7
2019-08-19,10910.7,10312.8,10923.9,10267.8
2019-08-20,10752.6,10911.2,10941.6,10581.0
2019-08-21,10141.5,10753.3,10797.8,9908.0
2019-08-22,10105.0,10141.1,10218.2,9777.0
2019-08-23,10388.7,10104.9,10434.3,9921.4
2019-08-24,10131.0,10389.4,10415.9,9917.5
2019-08-25,10136.3,10132.1,10307.0,9935.2
2019-08-26,10371.8,10136.0,10568.2,10136.0
2019-08-27,10184.8,10372.2,10387.6,10060.2
2019-08-28,9729.4,10184.7,10271.3,9629.6
2019-08-29,9491.0,9729.1,9729.1,9343.0
2019-08-30,9585.4,9494.1,9675.7,9370.2
2019-08-31,9594.4,9585.5,9677.5,9457.3
2019-09-01,9729.3,9594.7,9799.5,9533.6
2019-09-02,10348.8,9728.8,10431.5,9720.3
2019-09-03,10612.3,10348.1,10756.8,10283.5
2019-09-04,10568.2,10611.6,10783.6,10388.6
2019-09-05,10566.9,10567.8,10630.7,10469.9
2019-09-06,10309.3,10566.7,10896.2,10227.4
2019-09-07,10461.1,10306.9,10556.4,10302.3
2019-09-08,10402.8,10461.6,10578.0,10266.3
2019-09-09,10309.0,10402.1,10478.0,10095.7
2019-09-10,10105.4,10308.7,10379.8,9970.7
2019-09-11,10162.5,10104.9,10257.5,9908.9
2019-09-12,10415.1,10162.4,10447.9,10051.0
2019-09-13,10342.1,10415.2,10441.4,10174.1
2019-09-14,10337.3,10342.2,10421.4,10253.7
2019-09-15,10311.5,10337.3,10360.4,10272.0
2019-09-16,10255.5,10311.3,10360.5,10108.5
2019-09-17,10195.7,10254.6,10273.6,10153.5
2019-09-18,10164.7,10195.7,10257.5,10119.3
2019-09-19,10250.5,10164.6,10297.6,9707.6
2019-09-20,10172.7,10251.5,10279.5,10088.6
2019-09-21,9993.0,10172.8,10177.9,9939.8
2019-09-22,10031.6,9993.0,10075.0,9870.9
2019-09-23,9702.2,10031.3,10048.8,9656.3
2019-09-24,8513.9,9702.7,9793.8,8069.4
2019-09-25,8432.4,8512.3,8729.8,8245.1
2019-09-26,8063.8,8432.5,8463.1,7773.6
2019-09-27,8184.9,8063.8,8257.4,7882.1
2019-09-28,8208.5,8184.5,8297.2,8031.1
2019-09-29,8049.1,8208.0,8226.8,7922.1
2019-09-30,8284.3,8048.9,8318.5,7749.0
2019-10-01,8302.7,8285.0,8486.2,8187.9
2019-10-02,8364.1,8302.7,8374.0,8167.7
2019-10-03,8226.9,8363.6,8391.7,8090.1
2019-10-04,8148.1,8227.6,8233.6,8041.4
2019-10-05,8127.3,8148.0,8185.1,8030.6
2019-10-06,7881.9,8127.3,8145.5,7834.9
2019-10-07,8198.6,7882.6,8293.5,7797.0
2019-10-08,8182.9,8198.5,8323.1,8118.1
2019-10-09,8566.7,8180.1,8655.9,8122.7
2019-10-10,8562.3,8566.8,8638.5,8438.7
2019-10-11,8267.8,8562.2,8751.1,8249.7
2019-10-12,8304.4,8267.6,8394.8,8260.9
2019-10-13,8281.5,8304.3,8450.2,8190.6
2019-10-14,8353.3,8281.3,8374.3,8222.2
2019-10-15,8167.2,8353.4,8400.2,8139.5
2019-10-16,8000.4,8167.1,8185.9,7929.8
2019-10-17,8073.3,8000.4,8118.2,7944.4
2019-10-18,7948.5,8073.3,8116.4,7842.0
2019-10-19,7957.3,7948.3,8060.2,7892.4
2019-10-20,8223.4,7957.4,8288.5,7889.6
2019-10-21,8208.2,8224.1,8315.3,8155.7
2019-10-22,8031.4,8207.4,8289.1,8017.7
2019-10-23,7477.0,8031.0,8055.0,7329.2
2019-10-24,7422.7,7476.8,7501.5,7366.3
2019-10-25,8658.3,7422.8,8697.7,7404.9
2019-10-26,9230.6,8658.4,10540.0,8061.8
2019-10-27,9529.6,9230.6,9773.2,9081.0
2019-10-28,9207.2,9530.1,9866.9,9202.5
2019-10-29,9411.3,9206.5,9531.3,9125.3
2019-10-30,9157.9,9411.3,9411.3,9018.4
2019-10-31,9152.6,9157.9,9378.9,8959.6
2019-11-01,9230.1,9153.1,9270.4,9057.2
2019-11-02,9300.6,9230.3,9356.7,9201.2
2019-11-03,9198.3,9300.5,9359.1,9095.0
2019-11-04,9396.4,9198.7,9500.4,9134.1
2019-11-05,9310.8,9396.1,9452.7,9193.9
2019-11-06,9338.9,9311.2,9424.6,9262.7
2019-11-07,9223.5,9339.2,9367.0,9130.0
2019-11-08,8778.2,9223.6,9254.8,8722.4
2019-11-09,8804.5,8778.1,8877.5,8746.9
2019-11-10,9036.8,8804.7,9092.9,8763.5
2019-11-11,8736.9,9036.9,9066.4,8649.4
2019-11-12,8812.6,8737.4,8841.2,8615.7
2019-11-13,8783.1,8813.2,8829.7,8721.1
2019-11-14,8661.2,8782.9,8799.8,8615.8
2019-11-15,8476.3,8660.8,8761.8,8437.1
2019-11-16,8497.3,8476.2,8532.8,8450.7
2019-11-17,8509.8,8497.4,8631.7,8413.0
2019-11-18,8208.4,8510.3,8516.3,8110.4
2019-11-19,8145.7,8207.7,8245.6,8032.8
2019-11-20,8099.3,8145.7,8223.0,8074.2
2019-11-21,7627.9,8099.4,8129.6,7519.7
2019-11-22,7272.5,7627.9,7700.9,6818.5
2019-11-23,7324.1,7271.6,7342.5,7093.7
2019-11-24,6924.7,7325.0,7344.1,6894.9
2019-11-25,7115.6,6924.7,7352.8,6534.8
2019-11-26,7162.8,7115.5,7329.5,7045.1
2019-11-27,7510.6,7162.8,7636.9,6875.4
2019-11-28,7426.7,7510.6,7639.5,7380.6
2019-11-29,7742.7,7426.6,7825.3,7412.3
2019-11-30,7546.6,7742.7,7787.7,7472.7
2019-12-01,7396.4,7546.5,7546.5,7244.4
2019-12-02,7298.2,7395.9,7433.8,7173.6
2019-12-03,7291.8,7298.1,7389.4,7227.1
2019-12-04,7204.4,7291.9,7702.2,7113.6
2019-12-05,7399.2,7204.6,7476.3,7184.0
2019-12-06,7530.8,7399.2,7552.1,7329.8
2019-12-07,7510.9,7530.4,7595.7,7489.6
2019-12-08,7524.4,7510.8,7576.4,7416.7
2019-12-09,7355.8,7524.8,7626.0,7321.6
2019-12-10,7235.7,7356.2,7400.3,7192.1
2019-12-11,7208.0,7235.8,7284.4,7168.8
2019-12-12,7208.0,7208.0,7272.4,7124.6
2019-12-13,7255.2,7208.4,7288.0,7200.3
2019-12-14,7080.8,7255.2,7267.4,7043.3
2019-12-15,7128.5,7080.8,7175.8,7033.8
2019-12-16,6903.5,7128.5,7153.1,6864.6
2019-12-17,6613.3,6903.5,6943.5,6575.0
2019-12-18,7276.0,6613.5,7387.7,6462.2
2019-12-19,7165.5,7276.4,7354.0,7039.3
2019-12-20,7196.4,7165.5,7218.4,7107.7
2019-12-21,7156.2,7196.4,7197.6,7129.6
2019-12-22,7495.8,7156.3,7501.1,7142.0
2019-12-23,7322.8,7496.2,7684.0,7276.2
2019-12-24,7268.3,7322.4,7433.2,7185.7
2019-12-25,7224.8,7268.3,7542.4,7150.9
2019-12-26,7210.9,7225.0,7414.3,7177.3
2019-12-27,7261.7,7210.8,7293.8,7128.5
2019-12-28,7321.5,7261.9,7375.9,7256.5
2019-12-29,7397.5,7321.6,7518.9,7303.0
2019-12-30,7261.8,7397.5,7420.9,7244.1
2019-12-31,7196.4,7261.5,7331.0,7167.4
2020-01-01,7199.8,7196.4,7259.4,7180.0
2020-01-02,6967.0,7199.7,7209.6,6901.4
2020-01-03,7343.1,6967.1,7402.9,6884.1
2020-01-04,7376.8,7345.1,7433.1,7291.4
2020-01-05,7372.5,7376.8,7501.0,7345.6
2020-01-06,7759.1,7372.6,7783.1,7366.7
2020-01-07,8155.7,7759.1,8182.0,7754.1
2020-01-08,8059.6,8154.2,8436.4,7900.8
2020-01-09,7842.4,8060.0,8065.9,7779.2
2020-01-10,8187.1,7842.5,8187.4,7697.7
2020-01-11,8024.1,8187.8,8262.9,8008.4
2020-01-12,8187.6,8023.3,8189.9,7973.1
2020-01-13,8111.4,8188.3,8196.7,8068.4
2020-01-14,8829.2,8111.2,8898.7,8111.2
2020-01-15,8818.3,8827.9,8904.0,8615.5
2020-01-16,8726.9,8818.1,8850.0,8605.8
2020-01-17,8913.1,8726.7,9005.1,8675.9
2020-01-18,8916.3,8913.0,8982.3,8814.6
2020-01-19,8706.2,8916.3,9183.7,8552.8
2020-01-20,8641.9,8705.7,8740.1,8539.2
2020-01-21,8732.6,8642.0,8770.3,8524.0
2020-01-22,8678.5,8733.0,8805.4,8610.8
2020-01-23,8405.1,8678.5,8687.3,8309.6
2020-01-24,8439.9,8404.9,8522.0,8242.6
2020-01-25,8341.6,8439.9,8447.6,8277.2
2020-01-26,8607.8,8341.6,8607.8,8304.9
2020-01-27,8866.6,8608.1,8983.1,8585.6
2020-01-28,9377.3,8866.6,9389.5,8866.6
2020-01-29,9298.9,9377.3,9428.7,9250.9
2020-01-30,9507.3,9299.1,9569.0,9209.2
2020-01-31,9349.1,9508.3,9525.0,9222.3
2020-02-01,9381.6,9349.3,9458.8,9301.5
2020-02-02,9334.9,9381.5,9465.4,9183.1
2020-02-03,9296.6,9334.6,9582.8,9243.1
2020-02-04,9193.9,9296.5,9347.5,9193.9
2020-02-05,9611.8,9194.1,9726.8,9179.9
2020-02-06,9772.0,9611.8,9854.9,9536.1
2020-02-07,9818.6,9771.9,9872.5,9738.7
2020-02-08,9895.5,9817.3,9931.2,9673.2
2020-02-09,10151.5,9895.4,10157.1,9882.7
2020-02-10,9854.1,10151.5,10181.7,9774.8
2020-02-11,10229.5,9854.0,10314.1,9725.1
2020-02-12,10317.7,10229.3,10435.6,10229.3
2020-02-13,10235.1,10321.9,10482.6,10116.9
2020-02-14,10333.0,10235.5,10372.4,10125.2
2020-02-15,9907.7,10336.0,10369.8,9831.7
2020-02-16,9932.3,9907.4,10056.4,9654.9
2020-02-17,9701.4,9931.7,9951.5,9468.9
2020-02-18,10158.4,9701.5,10230.1,9601.6
2020-02-19,9609.4,10158.6,10230.9,9424.3
2020-02-20,9602.4,9611.9,9681.4,9448.9
2020-02-21,9684.5,9602.2,9747.1,9574.5
2020-02-22,9655.7,9684.5,9706.5,9569.8
2020-02-23,9942.7,9655.6,9965.6,9653.4
2020-02-24,9662.7,9943.2,9981.0,9507.0
2020-02-25,9317.2,9662.6,9672.3,9269.8
2020-02-26,8800.3,9317.1,9368.1,8672.0
2020-02-27,8818.6,8800.1,8968.3,8538.5
2020-02-28,8697.5,8820.1,8898.7,8451.9
2020-02-29,8543.7,8697.1,8793.7,8539.8
2020-03-01,8540.0,8543.8,8737.2,8437.2
2020-03-02,8904.8,8537.5,8961.8,8503.1
2020-03-03,8761.4,8906.1,8911.7,8669.3
2020-03-04,8757.9,8761.3,8840.3,8679.7
2020-03-05,9060.3,8757.9,9147.3,8751.5
2020-03-06,9134.8,9060.6,9165.2,9004.9
2020-03-07,8887.8,9134.2,9180.8,8848.7
2020-03-08,8034.1,8887.8,8888.0,8015.3
2020-03-09,7933.0,8035.8,8158.8,7648.7
2020-03-10,7891.2,7933.0,8145.5,7740.2
2020-03-11,7935.1,7892.1,7976.5,7606.0
2020-03-12,4826.0,7935.2,7963.1,4546.6
2020-03-13,5584.3,4815.2,5934.3,3869.5
2020-03-14,5182.7,5589.4,5634.9,5072.2
2020-03-15,5366.3,5182.9,5863.3,5120.6
2020-03-16,5030.0,5366.4,5369.3,4477.7
2020-03-17,5261.1,5030.2,5432.8,4946.5
2020-03-18,5361.4,5260.7,5373.1,5020.9
2020-03-19,6172.0,5359.2,6379.5,5256.0
2020-03-20,6205.3,6171.6,6858.1,5748.2
2020-03-21,6186.2,6205.6,6438.3,5887.0
2020-03-22,5822.1,6186.9,6394.4,5771.2
2020-03-23,6468.9,5822.0,6564.7,5710.8
2020-03-24,6744.6,6468.8,6814.2,6380.8
2020-03-25,6678.9,6744.8,6930.2,6474.6
2020-03-26,6725.1,6677.9,6772.9,6541.7
2020-03-27,6373.4,6725.5,6813.7,6322.3
2020-03-28,6233.7,6373.4,6374.3,6046.5
2020-03-29,5890.4,6233.2,6258.8,5889.3
2020-03-30,6391.0,5890.4,6576.5,5872.5
2020-03-31,6412.5,6391.1,6513.1,6346.3
2020-04-01,6638.5,6412.4,6661.3,6157.4
2020-04-02,6800.5,6638.8,7182.7,6567.9
2020-04-03,6735.9,6799.9,7026.3,6623.6
2020-04-04,6857.4,6735.9,6958.6,6679.1
2020-04-05,6772.7,6857.5,6889.4,6686.0
2020-04-06,7332.3,6772.8,7335.0,6770.1
2020-04-07,7185.2,7332.3,7440.3,7101.7
2020-04-08,7361.2,7185.6,7396.1,7153.1
2020-04-09,7289.0,7361.1,7361.1,7140.3
2020-04-10,6863.1,7289.0,7294.4,6756.1
2020-04-11,6867.8,6862.7,6931.4,6765.1
2020-04-12,6917.6,6867.9,7158.8,6785.1
2020-04-13,6841.3,6918.1,6920.3,6618.5
2020-04-14,6850.9,6841.8,6970.8,6768.6
2020-04-15,6629.1,6851.3,6929.5,6615.9
2020-04-16,7085.6,6629.1,7159.7,6520.5
2020-04-17,7035.8,7085.5,7142.8,7005.8
2020-04-18,7230.8,7035.9,7259.4,7031.5
2020-04-19,7122.9,7230.9,7238.0,7079.1
2020-04-20,6833.5,7122.9,7207.5,6771.2
2020-04-21,6842.5,6833.4,6919.3,6774.3
2020-04-22,7112.9,6842.5,7137.4,6821.8
2020-04-23,7488.5,7112.8,7655.4,7036.5
2020-04-24,7503.8,7491.3,7583.5,7423.5
2020-04-25,7540.4,7503.9,7684.6,7451.0
2020-04-26,7678.9,7540.4,7679.4,7520.5
2020-04-27,7766.0,7679.4,7768.5,7637.7
2020-04-28,7746.9,7766.0,7770.1,7655.3
2020-04-29,8770.9,7746.7,8918.5,7729.7
2020-04-30,8629.0,8770.6,9437.5,8425.5
2020-05-01,8821.6,8628.6,9040.3,8621.0
2020-05-02,8966.3,8821.6,8986.2,8771.3
2020-05-03,8885.5,8966.2,9169.9,8742.2
2020-05-04,8874.7,8885.5,8945.5,8553.2
2020-05-05,9001.0,8874.2,9078.7,8800.4
2020-05-06,9151.4,9000.6,9373.7,8923.6
2020-05-07,9979.8,9152.7,10033.0,9064.8
2020-05-08,9806.2,9980.1,10018.2,9731.4
2020-05-09,9554.6,9806.0,9910.5,9533.6
2020-05-10,8738.8,9553.9,9569.4,8259.3
2020-05-11,8579.8,8737.6,9129.6,8235.6
2020-05-12,8813.8,8569.8,8964.5,8542.8
2020-05-13,9298.7,8813.9,9384.6,8799.1
2020-05-14,9778.4,9298.7,9887.5,9265.8
2020-05-15,9318.0,9778.6,9819.6,9223.2
2020-05-16,9379.5,9318.1,9579.0,9233.0
2020-05-17,9677.7,9376.6,9866.0,9327.8
2020-05-18,9730.7,9678.4,9930.2,9524.4
2020-05-19,9773.3,9730.8,9883.9,9498.7
2020-05-20,9512.3,9773.0,9829.3,9368.4
2020-05-21,9059.0,9511.6,9567.1,8833.6
2020-05-22,9169.7,9058.2,9253.5,8952.1
2020-05-23,9177.0,9169.8,9303.2,9098.9
2020-05-24,8728.2,9177.9,9292.0,8724.1
2020-05-25,8898.2,8728.0,8959.5,8666.1
2020-05-26,8842.5,8897.7,8994.6,8713.9
2020-05-27,9199.1,8842.3,9210.9,8818.6
2020-05-28,9572.2,9199.8,9610.8,9119.2
2020-05-29,9424.8,9573.4,9596.5,9358.1
2020-05-30,9692.5,9424.8,9729.9,9352.7
2020-05-31,9454.8,9692.9,9695.6,9406.2
2020-06-01,10189.3,9454.5,10301.8,9429.7
2020-06-02,9527.6,10190.7,10207.3,9347.3
2020-06-03,9667.2,9527.0,9667.2,9421.7
2020-06-04,9794.4,9667.2,9864.4,9490.9
2020-06-05,9631.2,9794.0,9846.1,9628.7
2020-06-06,9669.6,9630.8,9733.1,9549.5
2020-06-07,9742.6,9669.6,9791.8,9417.4
2020-06-08,9777.9,9743.4,9788.2,9662.3
2020-06-09,9768.8,9777.7,9857.2,9616.6
2020-06-10,9878.8,9768.8,9970.9,9710.7
2020-06-11,9283.2,9878.9,9945.2,9139.1
2020-06-12,9466.6,9283.7,9547.5,9249.4
2020-06-13,9471.3,9466.5,9484.9,9369.9
2020-06-14,9345.3,9470.7,9474.7,9264.4
2020-06-15,9425.4,9345.5,9489.7,8925.6
2020-06-16,9523.5,9425.6,9577.1,9379.3
2020-06-17,9464.6,9523.6,9543.6,9258.2
2020-06-18,9388.1,9464.6,9480.4,9289.3
2020-06-19,9314.0,9390.3,9424.0,9249.6
2020-06-20,9358.8,9314.0,9394.5,9199.8
2020-06-21,9296.4,9358.8,9411.2,9288.5
2020-06-22,9683.7,9296.5,9751.9,9285.8
2020-06-23,9624.6,9683.9,9715.6,9581.8
2020-06-24,9302.0,9624.6,9667.4,9223.0
2020-06-25,9247.5,9300.8,9327.3,9022.6
2020-06-26,9160.0,9247.5,9296.5,9060.1
2020-06-27,9008.3,9160.5,9190.5,8865.3
2020-06-28,9124.0,9008.4,9185.5,8950.2
2020-06-29,9185.4,9122.8,9229.1,9033.6
2020-06-30,9135.4,9186.0,9199.8,9075.3
2020-07-01,9229.9,9135.9,9289.0,9101.1
2020-07-02,9085.1,9229.9,9259.7,8962.1
2020-07-03,9067.1,9085.0,9120.4,9050.9
2020-07-04,9134.4,9067.1,9182.3,9049.6
2020-07-05,9081.0,9134.3,9149.6,8932.1
2020-07-06,9339.0,9080.4,9363.0,9063.2
2020-07-07,9256.0,9338.8,9371.2,9209.3
2020-07-08,9429.9,9256.3,9458.3,9233.1
2020-07-09,9235.7,9430.1,9434.5,9176.0
2020-07-10,9285.1,9239.0,9309.8,9131.9
2020-07-11,9233.3,9285.8,9295.5,9184.2
2020-07-12,9300.8,9234.2,9337.8,9170.4
2020-07-13,9243.6,9300.5,9329.6,9207.6
2020-07-14,9253.4,9243.1,9274.8,9135.7
2020-07-15,9198.7,9253.6,9270.2,9168.7
2020-07-16,9135.3,9198.7,9224.2,9052.0
2020-07-17,9155.8,9135.4,9181.9,9091.5
2020-07-18,9170.2,9155.8,9198.8,9126.7
2020-07-19,9208.0,9170.1,9224.8,9106.4
2020-07-20,9162.4,9208.1,9218.4,9139.9
2020-07-21,9387.3,9162.3,9426.9,9155.1
2020-07-22,9513.7,9387.4,9523.1,9296.0
2020-07-23,9599.6,9513.6,9646.5,9451.1
2020-07-24,9546.4,9599.2,9626.2,9480.5
2020-07-25,9704.1,9546.7,9729.3,9536.2
2020-07-26,9932.5,9690.0,10086.6,9645.9
2020-07-27,11022.8,9932.7,11367.0,9894.6
2020-07-28,10908.5,10961.1,11046.1,10873.6
2020-07-29,11105.9,10908.4,11336.5,10771.8
2020-07-30,11096.2,11105.8,11164.4,10861.6
2020-07-31,11333.4,11096.5,11434.8,10964.6
2020-08-01,11803.1,11333.2,11847.7,11226.1
2020-08-02,11066.8,11802.6,12061.1,10730.7
2020-08-03,11224.4,11066.9,11461.1,10981.6
2020-08-04,11184.7,11223.8,11407.8,11043.0
2020-08-05,11735.1,11184.8,11771.5,11114.5
2020-08-06,11757.1,11735.0,11898.4,11563.0
2020-08-07,11592.0,11757.1,11901.8,11352.4
2020-08-08,11764.3,11591.6,11805.5,11533.5
2020-08-09,11681.2,11764.4,11792.8,11527.5
2020-08-10,11889.2,11681.1,12041.1,11546.9
2020-08-11,11390.4,11889.2,11931.8,11146.7
2020-08-12,11557.2,11390.4,11605.4,11190.6
2020-08-13,11770.9,11557.2,11772.9,11298.4
2020-08-14,11750.8,11771.1,11835.5,11651.5
2020-08-15,11845.3,11751.1,11964.0,11711.5
2020-08-16,11899.0,11845.5,11922.5,11688.9
2020-08-17,12282.6,11898.8,12444.1,11764.0
2020-08-18,11947.6,12283.0,12381.4,11842.0
2020-08-19,11750.2,11944.4,12013.2,11602.6
2020-08-20,11856.9,11751.0,11881.0,11672.7
2020-08-21,11529.2,11856.9,11877.4,11495.6
2020-08-22,11661.3,11529.2,11677.0,11382.1
2020-08-23,11641.6,11661.1,11705.4,11520.8
2020-08-24,11753.5,11641.6,11824.6,11587.1
2020-08-25,11324.8,11752.9,11766.9,11131.0
2020-08-26,11462.3,11324.9,11533.6,11254.6
2020-08-27,11327.4,11462.3,11580.3,11135.3
2020-08-28,11527.4,11327.5,11539.0,11281.9
2020-08-29,11468.1,11527.8,11576.8,11433.5
2020-08-30,11702.0,11468.1,11704.2,11462.6
2020-08-31,11644.2,11701.1,11760.2,11563.8
2020-09-01,11914.9,11644.2,12045.9,11544.6
2020-09-02,11413.3,11914.4,11947.5,11244.9
2020-09-03,10168.8,11413.2,11442.7,10009.5
2020-09-04,10472.5,10168.7,10614.2,9960.3
2020-09-05,10092.2,10472.3,10558.7,9897.8
2020-09-06,10296.4,10092.2,10337.7,10004.7
2020-09-07,10376.9,10296.4,10400.9,9887.0
2020-09-08,10126.6,10376.9,10434.4,9877.1
2020-09-09,10224.6,10126.8,10343.3,9984.6
2020-09-10,10339.7,10224.3,10480.3,10219.2
2020-09-11,10390.2,10339.8,10398.8,10212.6
2020-09-12,10441.9,10390.2,10476.8,10275.9
2020-09-13,10326.0,10441.7,10579.6,10219.4
2020-09-14,10675.3,10332.7,10744.3,10264.5
2020-09-15,10785.3,10675.2,10931.8,10627.8
2020-09-16,10949.5,10785.2,11093.3,10669.2
2020-09-17,10941.3,10950.1,11039.3,10755.2
2020-09-18,10933.0,10941.3,11029.7,10818.7
2020-09-19,11081.8,10933.0,11177.1,10890.7
2020-09-20,10921.5,11081.6,11081.6,10772.7
2020-09-21,10416.8,10919.9,10987.2,10328.5
2020-09-22,10531.5,10419.4,10570.7,10361.7
2020-09-23,10237.3,10531.5,10535.4,10146.6
2020-09-24,10739.4,10238.1,10787.8,10201.0
2020-09-25,10688.8,10739.9,10756.0,10558.9
2020-09-26,10727.9,10688.9,10793.3,10650.2
2020-09-27,10776.2,10727.9,10799.2,10602.7
2020-09-28,10693.2,10776.4,10946.6,10685.2
2020-09-29,10840.9,10694.3,10858.4,10642.4
2020-09-30,10776.1,10843.4,10847.7,10667.6
2020-10-01,10620.5,10776.6,10913.7,10462.7
2020-10-02,10572.3,10619.6,10662.9,10387.6
2020-10-03,10544.2,10572.2,10597.8,10501.2
2020-10-04,10672.9,10544.4,10693.3,10520.8
2020-10-05,10789.5,10672.5,10789.6,10623.4
2020-10-06,10602.6,10790.2,10800.3,10530.8
2020-10-07,10670.9,10601.0,10680.1,10553.3
2020-10-08,10924.1,10670.7,10948.6,10549.6
2020-10-09,11054.2,10923.5,11103.0,10836.9
2020-10-10,11298.4,11053.5,11475.0,11053.1
2020-10-11,11371.0,11295.6,11439.4,11277.6
2020-10-12,11533.9,11370.8,11715.9,11227.4
2020-10-13,11423.8,11533.5,11558.0,11315.9
2020-10-14,11420.4,11424.4,11541.0,11293.5
2020-10-15,11503.0,11421.4,11590.9,11276.7
2020-10-16,11322.0,11503.2,11542.2,11224.6
2020-10-17,11362.1,11321.8,11402.7,11274.4
2020-10-18,11506.9,11362.1,11506.9,11349.8
2020-10-19,11753.4,11507.1,11823.3,11413.9
2020-10-20,11913.5,11753.9,12029.4,11685.7
2020-10-21,12808.7,11913.6,13213.5,11894.6
2020-10-22,12974.6,12805.5,13183.9,12698.2
2020-10-23,12934.1,12972.7,13025.5,12738.9
2020-10-24,13117.2,12933.6,13161.5,12876.4
2020-10-25,13032.2,13117.0,13345.3,12900.4
2020-10-26,13061.6,13033.0,13229.7,12792.4
2020-10-27,13657.8,13061.5,13782.3,13050.3
2020-10-28,13278.9,13658.3,13851.7,12907.6
2020-10-29,13457.2,13278.3,13640.0,12982.9
2020-10-30,13559.9,13457.0,13667.9,13134.5
2020-10-31,13797.3,13560.2,14065.4,13441.7
2020-11-01,13759.4,13795.5,13889.5,13628.7
2020-11-02,13561.4,13759.7,13828.4,13214.2
2020-11-03,14019.9,13560.5,14054.0,13294.6
2020-11-04,14145.6,14023.0,14238.8,13544.4
2020-11-05,15587.1,14145.6,15739.9,14099.7
2020-11-06,15577.9,15593.9,15955.2,15223.5
2020-11-07,14828.4,15578.2,15754.4,14385.1
2020-11-08,15483.7,14826.6,15648.3,14720.7
2020-11-09,15327.2,15483.3,15819.6,14816.9
2020-11-10,15303.6,15328.0,15465.3,15096.5
2020-11-11,15695.8,15303.1,15953.9,15281.0
2020-11-12,16294.7,15695.8,16342.7,15483.5
2020-11-13,16324.2,16293.0,16474.1,15973.4
2020-11-14,16071.0,16323.1,16328.2,15717.7
2020-11-15,15953.0,16074.7,16158.1,15782.3
2020-11-16,16715.8,15954.1,16880.7,15870.7
2020-11-17,17662.3,16715.8,17845.4,16562.0
2020-11-18,17774.6,17662.3,18466.1,17258.9
2020-11-19,17803.5,17775.1,18166.0,17380.1
2020-11-20,18675.2,17805.5,18811.0,17758.4
2020-11-21,18687.2,18673.8,18966.0,18397.5
2020-11-22,18412.9,18689.3,18751.5,17644.6
2020-11-23,18379.6,18428.1,18756.8,18016.0
2020-11-24,19152.6,18394.6,19416.6,18074.8
2020-11-25,18723.0,19151.5,19486.7,18527.7
2020-11-26,17162.0,18721.9,18894.9,16235.2
2020-11-27,17127.1,17160.9,17450.3,16481.6
2020-11-28,17730.7,17142.6,17874.4,16874.4
2020-11-29,18185.5,17729.7,18336.3,17530.4
2020-11-30,19698.1,18186.0,19831.2,18186.0
2020-12-01,18770.7,19697.8,19897.4,18257.0
2020-12-02,19218.8,18767.9,19335.5,18346.7
2020-12-03,19433.3,19219.8,19596.6,18883.7
2020-12-04,18658.1,19431.1,19529.5,18610.8
2020-12-05,19146.5,18657.5,19172.7,18507.1
2020-12-06,19379.9,19146.0,19417.1,18873.0
2020-12-07,19170.7,19368.4,19424.6,18908.8
2020-12-08,18326.6,19170.8,19288.6,18229.2
2020-12-09,18546.0,18322.4,18637.9,17658.8
2020-12-10,18247.2,18546.1,18551.8,17926.8
2020-12-11,18023.6,18250.5,18288.3,17600.1
2020-12-12,18808.9,18026.7,18936.2,18025.1
2020-12-13,19176.8,18808.1,19403.6,18716.8
2020-12-14,19273.8,19176.4,19346.5,19007.0
2020-12-15,19434.9,19273.9,19556.3,19076.2
2020-12-16,21352.2,19434.7,21525.3,19299.7
2020-12-17,22825.4,21352.3,23738.0,21243.1
2020-12-18,23127.9,22823.3,23272.8,22361.5
2020-12-19,23844.0,23127.6,24107.1,22797.0
2020-12-20,23474.9,23843.6,24280.9,23098.9
2020-12-21,22728.5,23474.1,24101.9,22015.5
2020-12-22,23823.2,22730.4,23825.4,22388.6
2020-12-23,23257.9,23820.8,24063.7,22694.7
2020-12-24,23736.5,23253.2,23783.7,22737.3
2020-12-25,24689.6,23728.7,24778.9,23445.3
2020-12-26,26454.4,24714.7,26826.0,24515.1
2020-12-27,26261.3,26460.3,28360.3,25858.2
2020-12-28,27057.8,26259.2,27444.9,26144.3
2020-12-29,27376.0,27065.3,27390.7,25902.8
2020-12-30,28868.7,27374.5,28979.3,27374.5
2020-12-31,28949.4,28866.8,29298.8,28025.0
2021-01-01,29359.9,28951.7,29627.1,28712.4
2021-01-02,32193.3,29359.7,33233.5,29008.0
2021-01-03,32958.9,32192.9,34755.9,32029.6
2021-01-04,32022.6,33016.6,33587.5,28204.5
2021-01-05,33991.5,32015.4,34414.7,30010.5
2021-01-06,36793.2,33999.3,36934.8,33408.3
2021-01-07,39460.2,36798.5,40340.9,36361.2
2021-01-08,40599.3,39466.4,41921.7,36613.4
2021-01-09,40151.9,40607.2,41363.5,38775.1
2021-01-10,38192.2,40149.7,41362.4,35141.6
2021-01-11,35544.3,38195.3,38217.2,30411.6
2021-01-12,34076.1,35426.0,36598.7,32572.7
2021-01-13,37382.2,34061.2,37764.6,32451.9
2021-01-14,39175.7,37383.4,40054.3,36772.1
2021-01-15,36845.8,39175.7,39715.0,34488.7
2021-01-16,36019.5,36751.8,37931.7,35408.4
2021-01-17,35839.6,36020.1,36801.3,33883.5
2021-01-18,36613.2,35838.2,37436.8,34801.0
2021-01-19,36002.9,36630.6,37821.0,36001.4
2021-01-20,35476.3,35862.1,36384.4,33444.5
2021-01-21,30842.1,35472.3,35591.1,30101.8
2021-01-22,33000.5,30838.7,33821.2,28871.2
2021-01-23,32088.9,32994.1,33441.4,31418.2
2021-01-24,32241.3,32088.5,33034.8,30982.9
2021-01-25,32252.3,32244.3,34854.3,31967.4
2021-01-26,32502.1,32244.1,32917.7,30850.0
2021-01-27,30404.0,32499.6,32545.4,29290.4
2021-01-28,33374.8,30408.9,33790.8,29911.9
2021-01-29,34301.8,33381.7,38546.0,31953.3
2021-01-30,34283.1,34300.0,34920.9,32908.5
2021-01-31,33108.1,34281.6,34348.3,32189.9
2021-02-01,33515.7,33106.8,34685.6,32324.9
2021-02-02,35485.2,33514.0,35976.1,33462.4
2021-02-03,37646.8,35486.9,37646.8,35401.5
2021-02-04,36982.1,37648.9,38707.9,36380.8
2021-02-05,38297.6,36976.4,38303.6,36640.0
2021-02-06,39256.6,38300.6,40939.7,38275.3
2021-02-07,38852.9,39228.9,39691.7,37381.6
2021-02-08,46395.7,38853.6,46596.4,38057.0
2021-02-09,46508.6,46396.4,48143.5,45104.7
2021-02-10,44836.0,46507.8,47295.3,43800.5
2021-02-11,47990.7,44834.8,48622.1,44041.1
2021-02-12,47371.7,47995.0,48927.4,46218.6
2021-02-13,47168.7,47373.1,48097.3,46270.5
2021-02-14,48643.4,47172.1,49695.1,47051.9
2021-02-15,47936.3,48611.1,48936.5,45786.1
2021-02-16,49169.7,47934.2,50515.8,47044.4
2021-02-17,52079.2,49161.3,52577.7,49018.1
2021-02-18,51582.2,52094.5,52524.0,50941.6
2021-02-19,55906.6,51590.1,56238.5,50816.8
2021-02-20,55923.7,55922.0,57523.8,54124.1
2021-02-21,57433.8,55907.6,58335.1,55502.7
2021-02-22,54111.8,57437.6,57480.8,48353.8
2021-02-23,48911.2,54114.1,54115.0,45093.8
2021-02-24,49697.5,48911.1,51311.8,47031.7
2021-02-25,46928.5,49695.9,52013.8,46773.7
2021-02-26,46345.6,46928.5,48413.9,44248.2
2021-02-27,46136.7,46333.1,48335.1,45059.4
2021-02-28,45164.0,46136.0,46582.0,43100.6
2021-03-01,49595.5,45160.5,49774.0,45008.8
2021-03-02,48424.2,49595.6,50191.9,47100.6
2021-03-03,50395.1,48422.2,52567.9,48159.2
2021-03-04,48428.0,50388.0,51757.7,47521.8
2021-03-05,48792.5,48363.6,49429.4,46370.1
2021-03-06,48855.6,48798.7,49191.8,47132.8
2021-03-07,50982.3,48899.0,51434.1,48890.6
2021-03-08,52311.0,50988.9,52384.9,49338.1
2021-03-09,54879.0,52352.4,54880.6,51941.3
2021-03-10,55851.9,54882.7,57328.7,53073.6
2021-03-11,57799.5,55851.2,58135.0,54351.8
2021-03-12,57265.1,57806.2,58052.3,55134.5
2021-03-13,61195.3,57267.4,61795.8,56118.8
2021-03-14,59113.7,61192.7,61673.7,59113.7
2021-03-15,55791.3,59117.4,60565.9,55088.8
2021-03-16,56889.7,55619.5,56889.7,53342.6
2021-03-17,58913.5,56892.9,58933.2,54253.2
2021-03-18,57656.0,58911.8,60088.0,57099.6
2021-03-19,58088.0,57645.0,59448.3,56305.1
2021-03-20,58093.4,58084.1,59882.1,57863.0
2021-03-21,57383.8,58097.4,58583.8,55583.3
2021-03-22,54158.3,57379.3,58379.9,53784.2
2021-03-23,54452.5,54117.5,55813.8,52992.3
2021-03-24,52325.4,54309.1,57169.4,51725.4
2021-03-25,51322.3,52330.0,53175.4,50441.3
2021-03-26,55036.1,51317.4,55074.1,51302.0
2021-03-27,55862.9,55033.8,56531.1,54010.2
2021-03-28,55765.2,55856.9,56504.2,54711.3
2021-03-29,57616.2,55764.7,58392.6,54951.1
2021-03-30,58771.3,57614.6,59366.9,57077.1
2021-03-31,58763.7,58771.4,59795.6,56991.6
2021-04-01,58718.3,58763.2,59406.5,58040.7
2021-04-02,58977.3,58718.2,60134.9,58466.5
2021-04-03,57059.9,58976.8,59770.5,56906.7
2021-04-04,58199.9,57059.7,58464.8,56470.6
2021-04-05,58993.4,58202.3,59205.1,56842.7
2021-04-06,57996.3,59169.0,59487.0,57403.3
2021-04-07,55948.7,57996.3,58627.7,55489.3
2021-04-08,58077.4,55948.0,58136.7,55721.6
2021-04-09,58118.7,58076.8,58890.9,57686.0
2021-04-10,59748.4,58127.4,61229.0,57900.0
2021-04-11,59978.7,59772.4,60667.1,59250.3
2021-04-12,59863.8,59982.1,61259.9,59569.2
2021-04-13,63540.9,59863.6,63659.0,59839.4
2021-04-14,62980.4,63544.2,64778.0,61366.3
2021-04-15,63216.0,62978.6,63729.1,62067.5
2021-04-16,61379.7,63211.6,63518.5,60027.3
2021-04-17,60041.9,61358.3,62509.1,59672.1
2021-04-18,56207.1,60043.2,60362.1,51817.6
2021-04-19,55646.1,56208.1,57517.0,54272.3
2021-04-20,56483.2,55645.1,57054.9,53422.5
2021-04-21,53820.2,56479.5,56764.4,53657.6
2021-04-22,51729.5,53821.3,55408.4,50590.9
2021-04-23,51143.6,51707.1,52099.9,47659.4
2021-04-24,50088.9,51140.8,51183.0,48775.2
2021-04-25,48963.6,50088.2,50532.4,47098.5
2021-04-26,54020.5,48963.5,54320.9,48815.9
2021-04-27,55036.5,54011.1,55427.8,53345.0
2021-04-28,54841.4,55036.0,56419.9,53876.4
2021-04-29,53560.8,54838.6,55173.7,52400.0
2021-04-30,57720.3,53562.3,57925.6,53088.7
2021-05-01,57807.1,57719.1,58449.4,57029.5
2021-05-02,56603.8,57807.2,57868.4,56110.5
2021-05-03,57169.8,56605.8,58925.1,56562.4
2021-05-04,53741.5,57170.6,57201.3,53741.5
2021-05-05,57441.3,53872.5,57936.4,53872.5
2021-05-06,56405.4,57441.0,58364.9,55294.5
2021-05-07,57337.2,56411.4,58639.3,55300.1
2021-05-08,58840.1,57330.3,59471.1,56972.2
2021-05-09,58238.3,58840.6,59227.0,56414.4
2021-05-10,55848.9,58251.2,59523.9,53678.3
2021-05-11,56695.7,55846.1,56871.1,54550.4
2021-05-12,49384.2,56694.5,57938.5,49187.0
2021-05-13,49704.6,49398.2,51337.3,46331.1
2021-05-14,49839.8,49704.9,51459.2,48874.0
2021-05-15,46708.8,49839.1,50640.9,46650.2
2021-05-16,46426.4,46729.3,49764.3,43920.8
2021-05-17,43541.3,46424.2,46545.4,42201.5
2021-05-18,42897.3,43538.5,45770.9,42293.9
2021-05-19,36720.5,42898.3,43516.6,30261.7
2021-05-20,40717.2,36706.8,42425.9,35010.4
2021-05-21,37297.4,40611.2,42108.3,33592.3
2021-05-22,37448.3,37291.0,38776.0,35314.9
2021-05-23,34679.7,37446.8,38248.7,31192.4
2021-05-24,38750.6,34720.3,39851.7,34474.6
2021-05-25,38378.3,38753.6,39740.8,36540.7
2021-05-26,39249.2,38375.7,40750.0,37847.0
2021-05-27,38417.3,39249.0,40322.2,37190.8
2021-05-28,35662.5,38543.2,38844.1,34772.4
2021-05-29,34584.6,35664.5,37227.1,33664.2
2021-05-30,35652.8,34589.3,36388.6,33441.0
2021-05-31,37298.6,35644.0,37480.7,34213.2
2021-06-01,36687.6,37294.3,37850.3,35742.7
2021-06-02,37555.8,36687.7,38199.9,35981.1
2021-06-03,39187.3,37555.7,39462.3,37193.6
2021-06-04,36851.3,39191.4,39255.4,35659.9
2021-06-05,35520.0,36841.2,37887.6,34832.0
2021-06-06,35815.4,35518.7,36434.0,35265.3
2021-06-07,33578.0,35815.4,36754.6,33410.1
2021-06-08,33382.9,33574.6,34047.8,31158.1
2021-06-09,37332.2,33385.5,37517.6,32428.6
2021-06-10,36649.4,37375.2,38340.8,35824.0
2021-06-11,37314.6,36654.3,37641.1,36003.3
2021-06-12,35467.5,37334.4,37437.3,34703.3
2021-06-13,39022.9,35467.5,39321.6,34827.0
2021-06-14,40529.4,39024.1,40970.4,38769.9
2021-06-15,40156.1,40522.5,41318.0,39589.9
2021-06-16,38336.0,40148.1,40494.4,38156.4
2021-06-17,38052.0,38337.8,39529.9,37425.3
2021-06-18,35749.4,38045.5,38166.0,35198.5
2021-06-19,35513.4,35770.0,36357.3,34845.5
2021-06-20,35595.8,35510.9,36097.9,33378.0
2021-06-21,31692.0,35597.9,35708.4,31284.1
2021-06-22,32496.4,31682.7,33272.5,28901.8
2021-06-23,33674.3,32498.3,34784.3,31736.5
2021-06-24,34665.8,33678.1,35249.9,32356.7
2021-06-25,31594.0,34660.5,35490.9,31337.9
2021-06-26,32243.4,31592.1,32643.0,30206.9
2021-06-27,34678.5,32247.1,34685.5,32041.7
2021-06-28,34475.9,34682.2,35231.2,33944.9
2021-06-29,35834.7,34477.3,36590.3,34247.6
2021-06-30,35026.9,35832.6,36089.5,34126.6
2021-07-01,33543.6,35030.7,35032.7,32839.2
2021-07-02,33813.4,33542.2,33925.9,32734.6
2021-07-03,34742.8,33814.2,34909.8,33363.3
2021-07-04,35298.2,34742.8,35957.6,34740.1
2021-07-05,33687.8,35297.0,35300.5,33164.1
2021-07-06,34225.6,33688.5,35062.0,33581.7
2021-07-07,33867.8,34228.7,35036.6,33801.3
2021-07-08,32866.3,33859.4,33923.2,32146.9
2021-07-09,33797.4,32866.3,34079.2,32367.0
2021-07-10,33510.6,33797.7,34221.0,33056.8
2021-07-11,34227.7,33510.8,34580.6,33319.8
2021-07-12,33113.0,34228.3,34598.0,32662.8
2021-07-13,32728.1,33106.1,33307.7,32259.5
2021-07-14,32820.7,32727.8,33051.9,31611.2
2021-07-15,31840.5,32820.5,33157.0,31175.8
2021-07-16,31394.0,31842.3,32239.8,31062.2
2021-07-17,31518.6,31384.4,31914.8,31207.8
2021-07-18,31785.4,31517.9,32408.2,31220.6
2021-07-19,30837.2,31782.9,31887.0,30478.2
2021-07-20,29793.8,30835.4,31040.8,29310.2
2021-07-21,32131.4,29794.7,32794.6,29519.3
2021-07-22,32298.9,32131.7,32585.4,31729.4
2021-07-23,33603.3,32297.9,33605.6,32041.1
2021-07-24,33824.8,33600.5,33955.0,33412.9
2021-07-25,35391.1,34392.5,35391.1,33881.3
2021-07-26,37276.6,35392.3,40522.9,35236.7
2021-07-27,39452.0,37294.3,39455.9,36427.4
2021-07-28,40003.2,39450.4,40862.2,38883.8
2021-07-29,40001.4,40009.0,40630.7,39340.8
2021-07-30,42203.4,40001.1,42264.4,38358.4
2021-07-31,41553.7,42201.4,42285.3,41066.4
2021-08-01,39878.3,41510.0,42565.0,39556.5
2021-08-02,39168.4,39869.8,40449.0,38692.5
2021-08-03,38130.3,39167.4,39766.6,37688.2
2021-08-04,39736.9,38188.4,39956.5,37556.0
2021-08-05,40867.2,39734.4,41366.3,37365.4
2021-08-06,42795.4,40868.4,43253.4,39905.4
2021-08-07,44614.2,42784.7,44697.3,42611.0
2021-08-08,43792.8,44584.9,45284.1,43314.4
2021-08-09,46284.3,43794.9,46460.7,42824.1
2021-08-10,45593.8,46281.8,46663.4,44681.2
2021-08-11,45564.3,45593.2,46736.5,45367.9
2021-08-12,44403.4,45562.3,46213.8,43814.7
2021-08-13,47809.1,44404.0,47836.0,44242.4
2021-08-14,47081.5,47809.6,48090.9,46117.2
2021-08-15,46991.3,47082.6,47344.1,45564.1
2021-08-16,45996.3,46991.6,48002.4,45672.1
2021-08-17,44691.6,45907.5,47140.6,44441.3
2021-08-18,44723.8,44691.1,46004.9,44230.0
2021-08-19,46755.9,44725.9,47012.3,43986.7
2021-08-20,49324.0,46756.7,49343.3,46646.8
2021-08-21,48875.8,49330.0,49719.1,48293.5
2021-08-22,49254.5,48870.4,49480.3,48151.0
2021-08-23,49539.7,49255.4,50498.8,49038.6
2021-08-24,47714.7,49532.5,49847.4,47623.6
2021-08-25,48994.5,47707.4,49230.2,47163.3
2021-08-26,46831.6,48994.4,49347.8,46360.4
2021-08-27,49064.3,46830.2,49142.0,46371.5
2021-08-28,48897.1,49062.8,49289.4,48428.5
2021-08-29,48777.4,48899.7,49621.7,47870.1
2021-08-30,46992.7,48777.1,48886.0,46876.9
2021-08-31,47130.4,46989.1,48217.0,46709.3
2021-09-01,48819.4,47129.2,49121.0,46533.1
2021-09-02,49274.3,48817.8,50355.3,48612.9
2021-09-03,49999.0,49269.5,51008.8,48377.3
2021-09-04,49918.4,49999.3,50534.6,49461.4
2021-09-05,51768.6,49918.7,51878.2,49492.4
2021-09-06,52672.1,51769.4,52726.2,51002.8
2021-09-07,46779.6,52674.2,52885.3,43072.4
2021-09-08,46061.4,46774.1,47316.9,44493.7
2021-09-09,46385.6,46057.6,47305.7,45609.0
2021-09-10,44842.8,46385.9,47021.6,44283.6
2021-09-11,45161.9,44844.9,45975.6,44766.6
2021-09-12,46062.3,45162.6,46386.4,44755.2
2021-09-13,44949.5,46060.8,46807.7,43463.2
2021-09-14,47077.5,44950.2,47247.6,44718.7
2021-09-15,48130.6,47070.8,48436.5,46743.9
2021-09-16,47748.0,48132.3,48480.6,47040.3
2021-09-17,47282.8,47748.2,48155.9,46788.8
2021-09-18,48306.7,47283.9,48761.0,47070.5
2021-09-19,47238.7,48299.9,48341.9,46866.6
2021-09-20,42870.6,47240.8,47323.9,42547.1
2021-09-21,40651.3,43012.3,43619.3,39646.8
2021-09-22,43551.6,40660.8,43976.7,40585.7
2021-09-23,44869.2,43550.7,44949.8,43090.1
2021-09-24,42819.9,44867.4,45112.0,40908.5
2021-09-25,42686.8,42818.7,42959.3,41714.5
2021-09-26,43203.4,42685.8,43907.3,40786.6
2021-09-27,42172.6,43200.9,44293.2,42143.9
2021-09-28,41022.3,42169.9,42758.8,40906.4
2021-09-29,41536.8,41023.1,42571.2,40815.0
2021-09-30,43823.3,41534.5,44101.2,41416.7
2021-10-01,48146.0,43824.4,48435.2,43292.9
2021-10-02,47666.9,48147.2,48306.9,47451.7
2021-10-03,48200.1,47665.4,49165.2,47123.0
2021-10-04,49227.3,48200.4,49481.7,46958.6
2021-10-05,51469.3,49229.5,51872.4,49060.1
2021-10-06,55323.2,51470.0,55676.1,50439.5
2021-10-07,53783.9,55325.2,55325.6,53476.4
2021-10-08,53914.7,53785.5,55977.9,53659.3
2021-10-09,54942.5,53924.1,55430.8,53711.7
2021-10-10,54687.7,54942.5,56432.2,54100.8
2021-10-11,57477.3,54686.9,57814.1,54457.8
2021-10-12,56015.9,57480.6,57635.7,54155.4
2021-10-13,57380.1,56014.5,57697.4,54314.4
2021-10-14,57345.8,57370.4,58506.5,56866.8
2021-10-15,61672.5,57348.2,62892.8,56874.8
2021-10-16,60861.1,61669.2,62329.2,60161.9
2021-10-17,61527.5,60865.5,61651.4,59143.4
2021-10-18,62056.3,61525.8,62623.6,60026.9
2021-10-19,64278.5,62030.2,64454.0,61451.0
2021-10-20,65979.1,64276.9,66967.1,63543.7
2021-10-21,62210.2,66004.6,66616.9,62092.1
2021-10-22,60690.3,62200.8,63699.7,60055.7
2021-10-23,61312.5,60693.2,61728.7,59738.3
2021-10-24,60866.5,61308.2,61469.9,59523.7
2021-10-25,63067.0,60864.3,63694.8,60655.8
2021-10-26,60310.8,63067.5,63275.1,59907.3
2021-10-27,58438.1,60312.5,61452.9,58112.6
2021-10-28,60582.5,58437.2,62251.3,58128.1
2021-10-29,62242.8,60579.9,62952.2,60322.2
2021-10-30,61840.1,62245.0,62338.5,60786.0
2021-10-31,61309.6,61842.2,62393.7,60005.7
2021-11-01,60915.3,61310.1,62430.1,59612.7
2021-11-02,63221.7,60912.2,64256.4,60651.5
2021-11-03,62918.5,63223.5,63508.6,60883.0
2021-11-04,61412.6,62915.4,63077.6,60742.9
2021-11-05,60974.3,61411.5,62560.3,60742.4
2021-11-06,61483.9,60973.2,61543.2,60093.6
2021-11-07,63273.2,61483.8,63273.2,61347.2
2021-11-08,67527.9,63276.4,67763.3,63276.4
2021-11-09,66904.4,67528.7,68493.3,66334.9
2021-11-10,64932.6,66942.6,68990.6,62951.3
2021-11-11,64806.7,64922.8,65583.3,64121.9
2021-11-12,64134.5,64782.6,65449.7,62309.7
2021-11-13,64398.6,64133.3,64906.0,63381.4
2021-11-14,65508.2,64397.2,65508.2,63608.3
2021-11-15,63597.9,65514.9,66311.2,63439.5
2021-11-16,60089.1,63605.1,63605.6,58655.9
2021-11-17,60367.8,60074.2,60814.5,58531.9
2021-11-18,56955.3,60368.2,60936.9,56524.4
2021-11-19,58083.4,56908.3,58335.9,55626.3
2021-11-20,59717.6,58080.8,59854.6,57435.3
2021-11-21,58714.3,59724.0,60002.6,58528.3
2021-11-22,56308.8,58719.7,59288.3,55656.8
2021-11-23,57573.2,56304.8,57855.1,55542.5
2021-11-24,57171.7,57559.4,57697.4,55910.6
2021-11-25,58935.1,57167.1,59387.3,57029.8
2021-11-26,53730.9,58937.3,59151.1,53533.5
2021-11-27,54765.9,53747.2,55280.3,53654.3
2021-11-28,57291.5,54758.0,57392.3,53448.3
2021-11-29,57794.8,57288.1,58855.2,56726.7
2021-11-30,56882.9,57795.2,59174.4,55936.9
2021-12-01,57210.3,56891.7,59064.3,56496.5
2021-12-02,56496.0,57207.8,57377.5,55807.9
2021-12-03,53631.5,56495.2,57543.6,52008.9
2021-12-04,49195.2,53620.7,53847.2,42587.8
2021-12-05,49405.5,49196.4,49689.3,47797.8
2021-12-06,50562.1,49412.1,50913.3,47237.9
2021-12-07,50595.2,50547.4,51918.6,50070.9
2021-12-08,50473.9,50596.6,51204.7,48700.7
2021-12-09,47596.6,50477.6,50790.2,47341.9
2021-12-10,47137.2,47591.7,49974.8,47007.1
2021-12-11,49314.5,47138.4,49487.0,46834.0
2021-12-12,50081.0,49332.5,50779.2,48670.5
2021-12-13,46703.6,50075.9,50196.1,45848.2
2021-12-14,48366.5,46709.8,48635.0,46338.3
2021-12-15,48871.5,48366.2,49477.9,46572.6
2021-12-16,47628.2,48876.6,49387.8,47543.9
2021-12-17,46172.2,47630.4,47997.2,45523.8
2021-12-18,46856.2,46171.8,47330.2,45513.4
2021-12-19,46704.5,46855.7,48270.2,46438.4
2021-12-20,46895.2,46703.4,47488.9,45577.3
2021-12-21,48902.0,46900.1,49306.1,46654.0
2021-12-22,48599.7,48898.7,49540.3,48449.7
2021-12-23,50801.0,48599.6,51355.6,48053.4
2021-12-24,50786.1,50807.4,51795.3,50428.4
2021-12-25,50406.4,50789.6,51140.2,50196.8
2021-12-26,50779.9,50404.0,51247.0,49527.0
2021-12-27,50678.2,50783.6,52016.3,50459.0
2021-12-28,47545.2,50703.4,50703.8,47345.7
2021-12-29,46461.7,47548.4,48121.7,46127.8
2021-12-30,47123.3,46470.7,47901.4,46003.0
2021-12-31,46219.5,47123.3,48553.9,45693.6
2022-01-01,47738.0,46217.5,47917.6,46217.5
2022-01-02,47311.8,47738.7,47944.9,46718.2
2022-01-03,46430.2,47293.9,47556.0,45704.0
2022-01-04,45837.3,46435.7,47505.4,45602.1
2022-01-05,43425.9,45833.1,47019.4,42535.1
2022-01-06,43097.5,43431.6,43772.3,42481.1
2022-01-07,41546.7,43097.9,43127.7,40810.0
2022-01-08,41672.0,41551.3,42304.4,40574.3
2022-01-09,41848.3,41681.2,42764.4,41260.9
2022-01-10,41832.2,41848.9,42243.8,39697.0
2022-01-11,42733.2,41829.1,43090.2,41287.6
2022-01-12,43901.0,42735.0,44243.6,42476.7
2022-01-13,42560.0,43900.0,44404.7,42337.5
2022-01-14,43073.3,42562.2,43435.1,41848.7
2022-01-15,43097.0,43073.6,43777.9,42586.1
2022-01-16,43079.1,43079.2,43462.0,42643.3
2022-01-17,42209.3,43080.5,43179.6,41559.4
2022-01-18,42364.6,42209.9,42674.2,41300.7
2022-01-19,41677.8,42365.3,42558.0,41160.9
2022-01-20,40715.9,41683.6,43487.1,40568.3
2022-01-21,36475.5,40698.1,41104.6,35503.9
2022-01-22,35075.2,36467.7,36749.8,34116.0
2022-01-23,36269.5,35072.9,36513.0,34655.2
2022-01-24,36686.3,36268.6,37424.0,32985.6
2022-01-25,36950.6,36691.3,37501.8,35729.3
2022-01-26,36800.4,36962.3,38862.6,36280.0
2022-01-27,37164.3,36800.1,37215.4,35543.2
2022-01-28,37745.1,37195.6,37995.9,36176.5
2022-01-29,38170.8,37736.5,38663.7,37350.2
2022-01-30,37917.7,38167.5,38313.3,37390.6
2022-01-31,38498.6,37923.8,38701.4,36672.8
2022-02-01,38709.7,38475.6,39230.0,38037.9
2022-02-02,36890.2,38711.2,38853.8,36682.3
2022-02-03,37287.8,36890.2,37304.3,36297.3
2022-02-04,41567.6,37287.8,41689.0,37041.1
2022-02-05,41412.1,41566.5,41899.8,40963.3
2022-02-06,42392.2,41411.9,42614.8,41176.3
2022-02-07,43833.9,42385.2,44468.3,41695.4
2022-02-08,44038.2,43833.9,45399.8,42705.0
2022-02-09,44388.9,44038.2,44800.4,43163.0
2022-02-10,43521.0,44388.9,45755.2,43242.5
2022-02-11,42388.4,43519.3,43915.1,42023.4
2022-02-12,42205.2,42388.4,43006.4,41776.8
2022-02-13,42061.1,42205.5,42725.1,41880.1
2022-02-14,42550.3,42061.1,42799.7,41591.3
2022-02-15,44544.4,42550.3,44722.6,42460.1
2022-02-16,43883.6,44540.9,44552.9,43377.6
2022-02-17,40552.8,43885.5,44167.1,40103.8
2022-02-18,40000.1,40532.5,40935.5,39505.0
2022-02-19,40090.3,40000.1,40434.3,39666.6
2022-02-20,38355.0,40089.6,40120.3,38042.2
2022-02-21,37017.7,38355.0,39444.1,36868.9
2022-02-22,38248.2,37018.3,38414.9,36399.6
2022-02-23,37224.6,38248.2,39194.5,37099.5
2022-02-24,38339.2,37250.2,39351.6,34357.4
2022-02-25,39209.6,38339.2,39683.7,38042.6
2022-02-26,39115.5,39221.6,40094.5,38639.1
2022-02-27,37689.1,39116.6,39838.5,37062.3
2022-02-28,43188.2,37707.2,43977.8,37458.9
2022-03-01,44420.3,43187.2,44900.5,42876.6
2022-03-02,43912.8,44420.3,45294.2,43361.3
2022-03-03,42463.0,43912.8,44077.2,41840.8
2022-03-04,39142.7,42463.0,42848.7,38594.9
2022-03-05,39395.8,39142.8,39600.2,38626.1
2022-03-06,38403.1,39396.3,39668.1,38115.0
2022-03-07,38024.8,38420.6,39532.0,37182.1
2022-03-08,38744.8,38020.6,39351.5,37886.6
2022-03-09,41929.0,38731.5,42538.5,38663.3
2022-03-10,39416.3,41933.9,42029.1,38603.5
2022-03-11,38730.2,39422.5,40177.0,38236.4
2022-03-12,38814.3,38730.2,39355.3,38666.5
2022-03-13,37792.4,38813.2,39272.3,37603.4
2022-03-14,39671.1,37789.5,39914.3,37613.6
2022-03-15,39285.7,39673.0,39854.7,38220.9
2022-03-16,41118.7,39282.5,41701.6,38953.2
2022-03-17,40914.8,41118.7,41406.0,40557.8
2022-03-18,41767.8,40914.6,42308.4,40234.8
2022-03-19,42233.0,41768.0,42386.0,41529.6
2022-03-20,41276.0,42241.0,42301.0,40922.0
2022-03-21,41022.0,41282.0,41532.0,40530.0
2022-03-22,42373.0,41022.0,43327.9,40893.0
2022-03-23,42912.0,42373.0,43027.0,41795.0
2022-03-24,44013.0,42911.0,44251.0,42658.0
2022-03-25,44331.0,44013.0,45112.0,43622.0
2022-03-26,44548.0,44331.0,44818.0,44090.0
2022-03-27,46859.0,44542.0,46947.0,44445.0
2022-03-28,47105.0,46859.0,48199.0,46672.0
2022-03-29,47449.0,47126.0,48127.0,47029.0
2022-03-30,47075.0,47449.0,47714.0,46601.0
2022-03-31,45525.0,47071.0,47624.0,45228.0
2022-04-01,46297.0,45529.0,46728.0,44261.0
2022-04-02,45811.0,46299.0,47212.0,45641.0
2022-04-03,46407.0,45813.0,47435.0,45554.0
2022-04-04,46629.0,46407.0,46899.0,45152.0
2022-04-05,45506.0,46614.0,47201.0,45388.0
2022-04-06,43173.0,45494.0,45519.0,43122.0
2022-04-07,43448.0,43166.0,43893.0,42747.0
2022-04-08,42275.0,43450.0,43979.0,42113.0
2022-04-09,42767.0,42275.0,42809.0,42129.0
2022-04-10,42138.0,42760.0,43421.0,41884.0
2022-04-11,39497.0,42144.0,42418.0,39202.0
2022-04-12,40078.0,39507.0,40678.0,39265.0
2022-04-13,41133.0,40072.0,41515.0,39581.0
2022-04-14,39936.0,41133.0,41494.0,39585.0
2022-04-15,40560.0,39936.0,40850.0,39781.0
2022-04-16,40382.0,40571.0,40691.0,40003.0
2022-04-17,39703.0,40382.0,40599.0,39561.0
2022-04-18,40803.0,39700.0,41095.0,38577.0
2022-04-19,41503.0,40809.0,41746.0,40585.0
2022-04-20,41368.0,41499.0,42203.0,40915.0
2022-04-21,40482.0,41370.0,42969.0,39793.0
2022-04-22,39709.0,40487.0,40792.0,39200.0
2022-04-23,39418.0,39709.0,39973.0,39291.0
2022-04-24,39464.0,39434.0,39929.0,39033.0
2022-04-25,40427.0,39464.0,40599.0,38233.0
2022-04-26,38113.0,40443.0,40770.0,37708.0
2022-04-27,39243.0,38113.0,39447.0,37869.0
2022-04-28,39748.0,39243.0,40382.0,38888.0
2022-04-29,38581.0,39748.0,39919.0,38175.0
2022-04-30,37650.0,38590.0,38776.0,37596.0
2022-05-01,38461.0,37642.0,38676.0,37397.0
2022-05-02,38514.0,38472.0,39134.0,38061.0
2022-05-03,37718.0,38515.0,38647.0,37513.0
2022-05-04,39688.0,37717.0,40021.0,37660.0
2022-05-05,36544.0,39686.0,39833.0,36183.0
2022-05-06,36009.0,36540.0,36646.0,35267.0
2022-05-07,35468.0,36003.0,36119.0,34773.0
2022-05-08,34060.0,35468.0,35497.0,33727.0
2022-05-09,30095.0,34041.0,34227.0,30095.0
2022-05-10,31007.5,30098.2,32621.2,29831.0
2022-05-11,29068.2,31008.0,32113.6,27835.5
2022-05-12,28976.0,29073.4,30136.7,26500.5
2022-05-13,29284.4,28994.3,31002.7,28755.0
2022-05-14,30080.4,29285.2,30277.4,28666.7
2022-05-15,31308.7,30078.6,31383.8,29499.4
2022-05-16,29849.0,31308.3,31312.4,29135.8
2022-05-17,30437.5,29856.7,30720.1,29484.5
2022-05-18,28683.7,30437.5,30687.9,28648.1
2022-05-19,30305.9,28700.4,30525.1,28682.1
2022-05-20,29178.6,30305.9,30735.1,28738.5
2022-05-21,29434.6,29188.7,29623.2,28953.9
2022-05-22,30286.6,29433.0,30462.0,29260.1
2022-05-23,29093.3,30287.3,30644.8,28913.6
2022-05-24,29648.7,29091.6,29810.8,28706.1
2022-05-25,29540.6,29648.7,30202.3,29353.5
2022-05-26,29203.5,29537.9,29868.9,28077.9
2022-05-27,28601.2,29194.0,29377.1,28282.2
2022-05-28,29027.1,28620.1,29194.4,28537.2
2022-05-29,29465.2,29027.1,29556.5,28838.7
2022-05-30,31723.3,29465.2,32185.6,29307.2
2022-05-31,31793.4,31730.2,32377.5,31221.2
2022-06-01,29798.5,31793.1,31969.9,29396.6
2022-06-02,30455.5,29798.6,30638.5,29604.4
2022-06-03,29700.9,30455.7,30674.8,29330.8
2022-06-04,29864.3,29700.9,29963.8,29489.5
2022-06-05,29913.0,29865.1,30166.9,29539.0
2022-06-06,31367.6,29911.2,31753.4,29888.6
2022-06-07,31128.8,31370.3,31556.6,29235.0
2022-06-08,30201.6,31127.2,31312.1,29874.8
2022-06-09,30097.8,30202.1,30691.4,29953.8
2022-06-10,29083.3,30097.4,30325.6,28884.9
2022-06-11,28403.4,29083.3,29426.6,28161.8
2022-06-12,26606.3,28404.0,28534.8,26606.3
2022-06-13,22448.0,26606.3,26857.6,22006.3
2022-06-14,22157.3,22449.1,23200.3,20860.9
2022-06-15,22577.9,22137.5,22754.4,20125.8
2022-06-16,20386.6,22577.9,22942.1,20231.1
2022-06-17,20444.6,20391.3,21315.4,20244.1
2022-06-18,18986.5,20446.4,20744.7,17630.5
2022-06-19,20577.2,18983.4,20763.5,17983.7
2022-06-20,20572.3,20576.9,20996.8,19658.8
2022-06-21,20720.4,20571.6,21689.3,20371.7
2022-06-22,19965.8,20720.2,20864.3,19780.2
2022-06-23,21100.7,19967.3,21189.8,19907.5
2022-06-24,21226.9,21100.9,21488.7,20743.9
2022-06-25,21489.9,21226.9,21553.4,20917.5
2022-06-26,21043.5,21489.9,21837.4,20989.7
2022-06-27,20730.2,21037.7,21497.5,20568.0
2022-06-28,20278.0,20727.9,21200.2,20210.5
2022-06-29,20111.3,20278.0,20415.8,19880.7
2022-06-30,19926.6,20111.3,20155.1,18682.7
2022-07-01,19262.9,19926.6,20785.6,18980.1
2022-07-02,19243.2,19275.4,19425.4,19006.4
2022-07-03,19309.9,19243.4,19626.4,18794.4
2022-07-04,20215.8,19310.6,20303.8,19052.5
2022-07-05,20200.6,20215.8,20706.9,19315.4
2022-07-06,20561.1,20180.4,20654.9,19785.3
2022-07-07,21637.8,20557.9,21817.8,20282.7
2022-07-08,21611.2,21637.1,22482.1,21207.0
2022-07-09,21587.5,21610.4,21944.1,21338.4
2022-07-10,20847.4,21587.4,21599.2,20689.7
2022-07-11,19963.2,20847.2,20855.0,19897.0
2022-07-12,19330.9,19963.2,20051.7,19279.6
2022-07-13,20250.0,19331.6,20250.8,18942.2
2022-07-14,20586.0,20250.0,20862.2,19664.9
2022-07-15,20825.1,20586.1,21178.1,20393.4
2022-07-16,21209.9,20825.2,21561.3,20484.4
2022-07-17,20785.6,21209.8,21654.4,20755.2
2022-07-18,22525.8,20785.6,22714.9,20770.6
2022-07-19,23410.2,22529.3,23757.3,21581.8
2022-07-20,23215.2,23412.0,24258.0,22944.4
2022-07-21,23153.0,23219.9,23403.8,22360.2
2022-07-22,22675.2,23150.0,23741.4,22524.2
2022-07-23,22460.4,22683.6,22991.0,21971.7
2022-07-24,22582.1,22449.8,22987.9,22281.3
2022-07-25,21301.9,22582.3,22653.3,21275.4
2022-07-26,21248.7,21301.6,21322.3,20737.3
2022-07-27,22958.3,21248.0,23027.8,21047.5
2022-07-28,23850.0,22957.7,24190.5,22611.6
2022-07-29,23774.3,23850.2,24340.0,23451.4
2022-07-30,23634.2,23774.2,24605.3,23521.8
2022-07-31,23303.4,23634.2,24179.3,23236.2
2022-08-01,23271.2,23303.4,23484.4,22863.8
2022-08-02,22988.6,23271.1,23423.3,22670.8
2022-08-03,22820.8,22988.7,23623.7,22698.6
2022-08-04,22612.1,22822.2,23214.5,22438.7
2022-08-05,23308.2,22613.3,23447.6,22593.5
2022-08-06,22944.2,23308.2,23344.4,22923.6
2022-08-07,23175.3,22944.2,23387.7,22852.3
2022-08-08,23816.3,23175.3,24234.1,23160.6
2022-08-09,23146.7,23818.1,23912.0,22886.5
2022-08-10,23962.9,23150.3,24209.9,22714.7
2022-08-11,23935.3,23963.3,24873.5,23864.0
2022-08-12,24398.7,23935.3,24440.8,23616.4
2022-08-13,24442.5,24398.9,24882.9,24318.7
2022-08-14,24302.8,24442.1,24997.3,24172.2
2022-08-15,24101.7,24303.3,25205.7,23784.5
2022-08-16,23856.8,24102.6,24240.8,23693.8
2022-08-17,23338.0,23855.8,24423.5,23191.6
2022-08-18,23203.6,23337.7,23578.0,23131.3
2022-08-19,20831.3,23201.6,23202.3,20807.8
2022-08-20,21138.9,20830.7,21357.4,20784.8
2022-08-21,21517.2,21138.9,21692.4,21077.4
2022-08-22,21416.3,21516.8,21517.4,20912.1
2022-08-23,21517.2,21416.5,21661.0,20919.6
2022-08-24,21365.2,21516.2,21832.3,21171.1
2022-08-25,21565.4,21365.4,21801.2,21324.8
2022-08-26,20249.9,21564.2,21815.3,20122.4
2022-08-27,20033.9,20249.9,20343.6,19849.8
2022-08-28,19550.2,20034.2,20150.8,19542.9
2022-08-29,20295.8,19551.3,20394.5,19551.2
2022-08-30,19792.6,20295.6,20558.2,19559.7
2022-08-31,20043.9,19793.4,20469.1,19793.4
2022-09-01,20126.1,20049.9,20202.7,19584.4
2022-09-02,19952.7,20131.6,20428.2,19764.7
2022-09-03,19831.4,19952.8,20043.8,19660.7
2022-09-04,19999.9,19832.2,20017.8,19594.7
2022-09-05,19793.1,19999.9,20042.9,19650.7
2022-09-06,18786.4,19793.4,20169.3,18723.3
2022-09-07,19281.5,18786.3,19445.9,18548.4
2022-09-08,19317.4,19281.5,19444.7,19034.5
2022-09-09,21365.2,19318.8,21545.7,19294.1
2022-09-10,21650.4,21363.8,21790.6,21139.9
2022-09-11,21834.9,21650.4,21836.4,21363.0
2022-09-12,22395.3,21836.6,22465.4,21581.6
2022-09-13,20175.5,22395.3,22702.5,19909.6
2022-09-14,20222.5,20175.5,20503.7,19654.2
2022-09-15,19701.7,20222.3,20321.4,19532.3
2022-09-16,19802.4,19701.9,19883.0,19352.9
2022-09-17,20113.5,19802.8,20178.6,19761.0
2022-09-18,19418.8,20113.9,20113.9,19347.7
2022-09-19,19538.9,19417.4,19666.6,18277.8
2022-09-20,18872.4,19538.9,19626.3,18742.6
2022-09-21,18489.0,18875.1,19758.4,18191.8
2022-09-22,19404.0,18488.1,19490.9,18371.0
2022-09-23,19293.5,19404.1,19477.3,18554.8
2022-09-24,18925.2,19288.4,19310.6,18812.0
2022-09-25,18803.2,18925.1,19125.1,18659.6
2022-09-26,19225.7,18803.1,19304.8,18695.2
2022-09-27,19081.0,19228.8,20361.2,18850.4
2022-09-28,19411.0,19083.4,19757.8,18505.3
2022-09-29,19593.0,19420.2,19631.5,18877.9
2022-09-30,19423.0,19593.4,20174.9,19208.9
2022-10-01,19311.9,19422.9,19480.3,19172.6
2022-10-02,19052.2,19311.9,19389.9,18937.3
2022-10-03,19628.3,19057.6,19676.0,19001.3
2022-10-04,20340.2,19629.7,20436.1,19506.4
2022-10-05,20157.5,20340.5,20353.8,19761.7
2022-10-06,19956.7,20157.5,20436.7,19873.7
2022-10-07,19531.3,19962.4,20051.4,19352.1
2022-10-08,19415.0,19530.2,19612.2,19274.7
2022-10-09,19441.0,19416.3,19552.1,19329.6
2022-10-10,19134.6,19441.7,19520.7,19057.0
2022-10-11,19059.1,19134.3,19261.3,18868.7
2022-10-12,19154.8,19058.5,19212.6,19010.6
2022-10-13,19379.8,19154.6,19494.4,18207.9
2022-10-14,19181.8,19379.8,19933.9,19098.6
2022-10-15,19068.7,19181.7,19218.7,19000.8
2022-10-16,19261.9,19068.8,19411.9,19066.0
2022-10-17,19548.2,19262.2,19663.5,19163.6
2022-10-18,19328.2,19548.4,19692.9,19102.8
2022-10-19,19123.9,19328.2,19358.6,19101.2
2022-10-20,19042.9,19125.1,19334.5,18935.6
2022-10-21,19162.6,19042.9,19245.5,18703.3
2022-10-22,19204.8,19162.6,19249.9,19116.1
2022-10-23,19571.2,19204.8,19680.9,19092.5
2022-10-24,19331.5,19571.2,19588.6,19177.2
2022-10-25,20082.7,19331.8,20406.9,19249.0
2022-10-26,20769.5,20086.8,20981.5,20062.9
2022-10-27,20292.9,20769.5,20867.9,20231.6
2022-10-28,20594.4,20293.0,20744.0,20058.2
2022-10-29,20809.8,20594.2,21038.1,20561.9
2022-10-30,20626.3,20809.4,20922.3,20522.5
2022-10-31,20496.3,20626.0,20822.4,20260.0
2022-11-01,20483.5,20496.1,20676.6,20348.1
2022-11-02,20154.4,20482.9,20778.3,20065.8
2022-11-03,20206.4,20154.0,20384.5,20066.6
2022-11-04,21145.9,20206.4,21281.9,20184.6
2022-11-05,21301.6,21145.7,21464.7,21084.1
2022-11-06,20916.3,21298.7,21360.4,20901.0
2022-11-07,20589.0,20916.3,21055.4,20410.5
2022-11-08,18527.4,20589.0,20667.5,17260.0
2022-11-09,15886.9,18538.9,18583.8,15603.3
2022-11-10,17589.1,15887.0,18138.2,15799.3
2022-11-11,17049.9,17589.1,17679.4,16435.5
2022-11-12,16795.2,17049.9,17100.8,16633.9
2022-11-13,16324.5,16803.9,16946.5,16274.9
2022-11-14,16613.7,16325.0,17158.4,15834.0
2022-11-15,16895.1,16615.0,17112.0,16543.9
2022-11-16,16540.5,16895.4,16993.4,16408.2
2022-11-17,16691.2,16540.5,16739.7,16425.8
2022-11-18,16638.3,16715.4,16846.3,16553.0
2022-11-19,16699.2,16652.2,16814.9,16608.9
2022-11-20,16286.7,16699.3,16749.3,16209.2
2022-11-21,15776.2,16278.6,16287.9,15504.2
2022-11-22,16212.9,15776.6,16274.6,15620.4
2022-11-23,16623.9,16216.9,16677.6,16162.3
2022-11-24,16601.2,16604.9,16785.6,16472.0
2022-11-25,16512.3,16600.6,16611.8,16360.9
2022-11-26,16456.5,16512.3,16686.3,16387.9
2022-11-27,16425.6,16456.4,16595.4,16414.6
2022-11-28,16211.7,16426.1,16481.4,16013.5
2022-11-29,16440.4,16211.9,16531.4,16100.1
2022-11-30,17163.9,16440.8,17215.5,16433.2
2022-12-01,16972.0,17163.4,17244.7,16868.9
2022-12-02,17093.6,16972.2,17096.2,16799.9
2022-12-03,16884.5,17093.4,17132.6,16862.1
2022-12-04,17112.6,16884.8,17198.1,16881.6
2022-12-05,16966.5,17106.9,17395.2,16886.9
2022-12-06,17089.3,16966.3,17101.1,16914.9
2022-12-07,16835.2,17089.4,17126.7,16715.3
2022-12-08,17225.7,16835.2,17294.2,16765.8
2022-12-09,17125.7,17225.6,17288.6,17082.1
2022-12-10,17127.2,17125.7,17220.5,17105.7
2022-12-11,17093.3,17127.0,17262.9,17080.6
2022-12-12,17210.4,17093.2,17232.5,16878.5
2022-12-13,17778.6,17210.9,17951.6,17094.5
2022-12-14,17796.4,17778.6,18351.8,17682.1
2022-12-15,17356.1,17796.4,17846.1,17298.2
2022-12-16,16629.6,17356.7,17518.5,16542.4
2022-12-17,16777.1,16629.0,16794.4,16587.0
2022-12-18,16741.1,16777.0,16825.7,16666.5
2022-12-19,16441.3,16741.1,16809.5,16331.2
2022-12-20,16902.8,16441.3,17031.3,16400.7
2022-12-21,16831.8,16902.7,16919.4,16735.0
2022-12-22,16820.6,16831.8,16862.2,16566.1
2022-12-23,16779.1,16820.5,16910.7,16768.0
2022-12-24,16837.2,16778.6,16855.8,16777.8
2022-12-25,16831.8,16835.7,16852.9,16733.0
2022-12-26,16918.1,16831.8,16936.1,16799.4
2022-12-27,16706.1,16918.2,16964.0,16610.1
2022-12-28,16546.2,16705.9,16781.1,16474.2
2022-12-29,16636.4,16546.2,16659.1,16496.6
2022-12-30,16607.2,16636.4,16644.4,16360.0
2022-12-31,16537.4,16607.2,16635.9,16487.3
2023-01-01,16618.4,16537.5,16621.9,16499.7
2023-01-02,16674.3,16618.4,16766.9,16551.0
2023-01-03,16674.2,16673.1,16773.2,16607.2
2023-01-04,16852.1,16674.2,16976.5,16656.5
2023-01-05,16829.8,16852.2,16877.9,16772.3
2023-01-06,16950.9,16829.8,17012.3,16707.6
2023-01-07,16943.6,16950.9,16979.6,16909.7
2023-01-08,17119.0,16943.6,17119.0,16913.8
2023-01-09,17180.1,17119.0,17390.8,17107.1
2023-01-10,17439.1,17180.1,17491.0,17151.7
2023-01-11,17942.3,17440.5,17989.8,17323.9
2023-01-12,18851.3,17941.0,19055.3,17915.5
2023-01-13,19927.0,18850.8,19981.6,18723.8
2023-01-14,20958.2,19926.9,21185.6,19898.6
2023-01-15,20879.8,20956.0,21032.2,20585.7
2023-01-16,21184.2,20880.1,21416.8,20698.9
2023-01-17,21137.1,21184.4,21506.4,20926.2
2023-01-18,20670.6,21137.1,21584.1,20448.3
2023-01-19,21081.2,20670.6,21169.4,20669.7
2023-01-20,22677.2,21074.9,22718.5,20879.3
2023-01-21,22775.7,22677.5,23304.5,22461.1
2023-01-22,22707.8,22775.7,23068.7,22323.0
2023-01-23,22915.5,22709.0,23161.8,22527.9
2023-01-24,22632.5,22916.3,23156.1,22517.1
2023-01-25,23055.1,22632.5,23779.0,22366.3
2023-01-26,23016.0,23055.2,23259.5,22869.0
2023-01-27,23074.6,23016.0,23480.3,22602.9
2023-01-28,23027.9,23074.6,23182.3,22889.8
2023-01-29,23753.1,23023.5,23952.9,22973.3
2023-01-30,22832.2,23746.0,23794.0,22560.0
2023-01-31,23125.1,22832.2,23262.9,22724.9
2023-02-01,23725.6,23124.7,23784.5,22809.6
2023-02-02,23427.6,23726.2,24207.2,23398.1
2023-02-03,23431.2,23429.1,23694.1,23233.8
2023-02-04,23323.8,23431.2,23571.8,23269.8
2023-02-05,22936.0,23326.9,23423.4,22766.5
2023-02-06,22761.8,22936.0,23130.6,22633.7
2023-02-07,23251.7,22761.8,23338.8,22748.2
2023-02-08,22964.6,23251.7,23425.1,22691.7
2023-02-09,21792.5,22964.6,23003.6,21744.6
2023-02-10,21635.0,21792.5,21933.6,21491.7
2023-02-11,21859.8,21627.4,21902.9,21605.3
2023-02-12,21786.8,21859.9,22080.7,21653.1
2023-02-13,21772.6,21782.7,21887.5,21418.7
2023-02-14,22198.5,21776.9,22308.6,21556.2
2023-02-15,24327.9,22198.5,24330.9,22050.8
2023-02-16,23539.6,24328.1,25233.8,23525.9
2023-02-17,24573.5,23538.2,24984.7,23373.0
2023-02-18,24631.4,24573.5,24838.9,24457.0
2023-02-19,24302.9,24631.3,25175.2,24273.7
2023-02-20,24839.5,24302.8,25085.4,23868.6
2023-02-21,24450.7,24839.5,25236.8,24160.8
2023-02-22,24186.6,24450.7,24474.3,23593.4
2023-02-23,23936.3,24186.6,24590.4,23637.9
2023-02-24,23191.5,23936.4,24123.4,22970.3
2023-02-25,23166.1,23191.3,23215.3,22777.4
2023-02-26,23558.7,23166.1,23671.8,23066.0
2023-02-27,23494.1,23558.7,23876.2,23166.8
2023-02-28,23130.5,23494.0,23595.0,23033.8
2023-03-01,23642.2,23130.6,23914.1,23025.3
2023-03-02,23465.4,23642.2,23780.5,23208.7
2023-03-03,22354.4,23465.6,23473.4,22051.9
2023-03-04,22347.1,22354.7,22403.7,22167.4
2023-03-05,22428.3,22347.1,22636.7,22213.5
2023-03-06,22410.0,22428.2,22595.4,22320.1
2023-03-07,22197.8,22410.1,22535.1,21968.6
2023-03-08,21710.8,22197.8,22274.3,21661.3
2023-03-09,20361.8,21710.8,21826.5,20079.6
2023-03-10,20156.7,20362.0,20362.6,19591.8
2023-03-11,20467.5,20156.5,20669.5,19796.7
2023-03-12,21994.8,20465.0,22028.6,20294.2
2023-03-13,24114.4,21994.8,24406.2,21859.6
2023-03-14,24699.7,24121.5,26365.9,23994.6
2023-03-15,24282.7,24699.6,25108.9,23932.4
2023-03-16,25004.1,24283.2,25139.0,24147.9
2023-03-17,27391.8,25004.4,27742.2,24900.1
2023-03-18,26914.5,27391.9,27659.1,26688.7
2023-03-19,27958.7,26914.5,28347.3,26844.6
2023-03-20,27720.5,27958.9,28457.8,27157.0
2023-03-21,28114.0,27719.8,28437.8,27350.6
2023-03-22,27261.7,28114.2,28760.3,26668.7
2023-03-23,28310.7,27262.8,28734.1,27144.6
2023-03-24,27462.2,28306.9,28374.5,27026.5
2023-03-25,27475.6,27462.2,27761.9,27176.7
2023-03-26,27973.5,27474.9,28153.7,27429.1
2023-03-27,27129.8,27974.8,28023.3,26611.5
2023-03-28,27262.2,27127.8,27465.0,26665.6
2023-03-29,28350.4,27262.9,28627.4,27249.8
2023-03-30,28029.5,28350.3,29160.4,27716.7
2023-03-31,28473.7,28029.3,28646.3,27587.5
2023-04-01,28456.1,28473.7,28795.1,28285.6
2023-04-02,28198.3,28456.1,28522.8,27871.7
2023-04-03,27802.1,28194.7,28458.4,27256.9
2023-04-04,28164.4,27802.2,28429.1,27668.9
2023-04-05,28173.5,28164.4,28744.4,27823.5
2023-04-06,28036.7,28173.5,28173.5,27734.5
2023-04-07,27910.4,28037.6,28102.5,27779.4
2023-04-08,27941.2,27910.4,28153.1,27863.8
2023-04-09,28326.6,27941.2,28522.7,27809.2
2023-04-10,29641.0,28326.5,29755.4,28182.9
2023-04-11,30209.6,29641.0,30484.6,29597.8
2023-04-12,29886.4,30209.8,30473.0,29679.5
2023-04-13,30387.4,29892.4,30524.1,29864.5
2023-04-14,30472.5,30387.4,30964.9,30026.0
2023-04-15,30299.6,30472.6,30586.5,30208.8
2023-04-16,30310.3,30299.2,30545.3,30134.6
2023-04-17,29434.9,30310.8,30312.2,29274.0
2023-04-18,30382.2,29434.1,30470.1,29149.2
2023-04-19,28813.7,30382.2,30408.4,28641.1
2023-04-20,28240.5,28813.7,29082.1,28032.4
2023-04-21,27264.8,28240.5,28353.4,27171.1
2023-04-22,27813.9,27264.8,27872.0,27165.7
2023-04-23,27591.4,27813.8,27815.0,27388.5
2023-04-24,27509.3,27591.4,27978.8,27054.3
2023-04-25,28298.8,27510.1,28375.6,27201.1
2023-04-26,28424.6,28298.8,29995.7,27307.8
2023-04-27,29475.9,28424.5,29859.8,28392.4
2023-04-28,29321.8,29475.9,29587.2,28927.8
2023-04-29,29234.1,29318.4,29425.5,29058.5
2023-04-30,29252.1,29235.1,29941.3,29095.0
2023-05-01,28077.6,29252.1,29329.6,27685.9
2023-05-02,28669.1,28079.0,28877.4,27913.2
2023-05-03,29023.6,28669.1,29244.7,28164.4
2023-05-04,28842.1,29023.6,29352.7,28687.4
2023-05-05,29513.2,28842.2,29653.9,28825.3
2023-05-06,28857.1,29512.8,29816.4,28414.9
2023-05-07,28424.8,28857.1,29122.0,28419.6
2023-05-08,27670.5,28424.8,28627.8,27280.3
2023-05-09,27634.9,27670.5,27816.0,27366.3
2023-05-10,27603.3,27634.3,28311.7,26885.7
2023-05-11,26983.5,27604.3,27607.4,26766.2
2023-05-12,26799.2,26983.1,27044.0,25853.1
2023-05-13,26777.5,26798.7,27011.9,26695.6
2023-05-14,26920.0,26777.4,27176.1,26609.9
2023-05-15,27183.9,26920.4,27651.7,26752.1
2023-05-16,27035.3,27183.9,27295.3,26881.9
2023-05-17,27403.1,27035.5,27465.3,26597.7
2023-05-18,26828.0,27403.8,27467.0,26449.8
2023-05-19,26882.9,26828.2,27154.7,26711.3
2023-05-20,27116.2,26883.0,27147.2,26831.3
2023-05-21,26749.9,27116.2,27257.1,26677.6
2023-05-22,26847.3,26749.9,27048.9,26546.1
2023-05-23,27220.7,26851.6,27448.1,26804.1
2023-05-24,26328.4,27220.7,27220.7,26088.7
2023-05-25,26475.8,26327.1,26589.2,25892.5
2023-05-26,26711.5,26475.5,26911.6,26330.0
2023-05-27,26857.5,26711.2,26882.9,26591.2
2023-05-28,28071.2,26855.3,28181.9,26788.5
2023-05-29,27739.4,28068.4,28431.2,27548.8
2023-05-30,27698.2,27738.9,28033.6,27583.8
2023-05-31,27216.1,27696.9,27825.0,26865.1
2023-06-01,26819.0,27216.4,27340.9,26662.3
2023-06-02,27244.7,26819.0,27299.4,26541.3
2023-06-03,27072.0,27246.0,27317.5,26931.4
2023-06-04,27122.3,27070.9,27410.2,26956.1
2023-06-05,25747.4,27122.3,27125.5,25437.5
2023-06-06,27230.2,25745.6,27325.2,25425.6
2023-06-07,26342.5,27230.2,27342.0,26141.0
2023-06-08,26501.1,26341.8,26784.4,26231.3
2023-06-09,26479.3,26501.1,26773.9,26326.7
2023-06-10,25844.0,26479.3,26525.1,25468.3
2023-06-11,25928.4,25843.3,26190.1,25660.8
2023-06-12,25906.8,25927.9,26080.7,25635.0
2023-06-13,25929.4,25906.9,26428.9,25726.4
2023-06-14,25129.5,25929.0,26051.7,24847.4
2023-06-15,25591.3,25129.5,25732.8,24838.0
2023-06-16,26341.3,25591.9,26472.8,25276.0
2023-06-17,26515.0,26341.3,26767.3,26183.5
2023-06-18,26339.7,26515.0,26679.3,26290.6
2023-06-19,26845.9,26339.7,27029.7,26295.1
2023-06-20,28307.7,26845.9,28393.0,26665.5
2023-06-21,29996.9,28307.7,30769.5,28270.5
2023-06-22,29890.5,29992.8,30497.8,29590.4
2023-06-23,30679.4,29890.2,31395.4,29822.6
2023-06-24,30533.6,30680.7,30795.3,30269.4
2023-06-25,30465.3,30533.6,31040.2,30315.8
2023-06-26,30267.0,30466.3,30645.9,29986.3
2023-06-27,30689.1,30267.0,30993.7,30231.3
2023-06-28,30078.6,30691.9,30703.4,29919.5
2023-06-29,30445.7,30077.3,30823.1,30051.3
2023-06-30,30472.9,30445.7,31275.5,29714.5
2023-07-01,30586.8,30472.9,30649.9,30329.0
2023-07-02,30617.7,30587.1,30769.0,30227.9
2023-07-03,31151.3,30617.5,31377.0,30581.5
2023-07-04,30768.4,31152.0,31326.5,30657.8
2023-07-05,30512.8,30768.6,30875.6,30233.3
2023-07-06,29913.1,30512.8,31463.6,29869.0
2023-07-07,30346.4,29912.7,30442.0,29757.4
2023-07-08,30288.8,30346.8,30379.9,30055.9
2023-07-09,30166.9,30288.8,30425.5,30071.9
2023-07-10,30415.3,30166.9,31019.6,29969.1
2023-07-11,30623.3,30414.2,30782.2,30333.8
2023-07-12,30387.3,30623.3,30951.3,30231.7
2023-07-13,31466.1,30387.3,31764.5,30260.0
2023-07-14,30317.4,31465.4,31602.6,29944.3
2023-07-15,30291.4,30316.8,30395.4,30246.9
2023-07-16,30235.5,30291.8,30435.0,30075.4
2023-07-17,30139.7,30235.5,30335.9,29693.3
2023-07-18,29866.8,30139.7,30242.4,29624.6
2023-07-19,29909.7,29866.7,30185.5,29789.3
2023-07-20,29801.0,29909.7,30408.0,29621.4
2023-07-21,29903.1,29801.0,30058.9,29739.9
2023-07-22,29788.9,29904.5,29988.0,29657.3
2023-07-23,30085.9,29788.9,30337.0,29735.7
2023-07-24,29178.1,30085.9,30098.2,28890.7
2023-07-25,29228.6,29178.3,29365.4,29058.7
2023-07-26,29352.2,29228.8,29681.8,29109.7
2023-07-27,29222.7,29352.9,29568.8,29094.0
2023-07-28,29315.0,29222.7,29533.0,29125.1
2023-07-29,29353.5,29315.0,29400.1,29256.9
2023-07-30,29281.7,29354.2,29446.6,29054.5
2023-07-31,29232.4,29282.0,29502.3,29128.3
2023-08-01,29712.2,29232.3,29712.2,28611.0
2023-08-02,29173.7,29711.8,30025.9,28961.6
2023-08-03,29189.3,29180.9,29409.8,28981.0
2023-08-04,29105.5,29189.1,29319.1,28875.8
2023-08-05,29068.1,29105.6,29139.3,28983.0
2023-08-06,29081.3,29067.9,29198.9,28987.4
2023-08-07,29204.2,29081.3,29270.2,28721.0
2023-08-08,29777.4,29204.2,30168.6,29137.7
2023-08-09,29578.0,29771.3,30104.0,29384.2
2023-08-10,29449.0,29578.0,29719.4,29377.5
2023-08-11,29420.8,29448.9,29544.9,29271.2
2023-08-12,29428.2,29420.8,29480.8,29375.4
2023-08-13,29300.1,29428.2,29468.5,29272.3
2023-08-14,29426.7,29300.1,29689.0,29116.0
2023-08-15,29195.3,29426.7,29472.0,29118.6
2023-08-16,28726.3,29195.3,29251.1,28717.6
2023-08-17,26635.7,28726.1,28771.8,25489.4
2023-08-18,26053.2,26635.7,26801.9,25691.0
2023-08-19,26099.4,26053.3,26262.2,25799.5
2023-08-20,26190.8,26099.5,26269.1,25998.5
2023-08-21,26126.0,26190.8,26220.9,25850.8
2023-08-22,26039.9,26126.8,26138.8,25481.9
2023-08-23,26436.2,26042.0,26807.7,25812.6
2023-08-24,26177.0,26436.2,26560.5,25943.6
2023-08-25,26057.2,26176.1,26265.7,25811.6
2023-08-26,26017.1,26057.2,26114.1,25993.5
2023-08-27,26100.6,26017.1,26176.8,25968.7
2023-08-28,26118.9,26100.6,26215.7,25891.0
2023-08-29,27723.9,26118.1,28046.0,25919.8
2023-08-30,27298.8,27723.9,27757.3,27043.2
2023-08-31,25937.3,27300.6,27464.5,25731.0
2023-09-01,25803.2,25938.3,26144.9,25361.9
2023-09-02,25869.7,25803.5,25977.4,25752.7
2023-09-03,25971.0,25869.7,26090.4,25816.6
2023-09-04,25823.3,25971.0,26094.2,25660.9
2023-09-05,25790.2,25824.4,25864.0,25596.3
2023-09-06,25758.0,25790.1,26018.4,25411.7
2023-09-07,26249.8,25758.0,26417.7,25626.5
2023-09-08,25909.5,26248.5,26415.4,25701.6
2023-09-09,25901.1,25909.5,25938.5,25814.3
2023-09-10,25840.2,25901.1,25995.1,25626.7
2023-09-11,25166.4,25840.2,25897.4,24923.1
2023-09-12,25834.5,25166.4,26472.6,25133.5
2023-09-13,26223.0,25836.1,26382.3,25766.9
2023-09-14,26524.7,26223.0,26760.3,26148.6
2023-09-15,26601.0,26523.3,26837.4,26233.1
2023-09-16,26562.0,26599.9,26769.0,26463.5
2023-09-17,26529.1,26562.0,26614.4,26408.7
2023-09-18,26763.5,26530.3,27413.3,26405.2
2023-09-19,27209.2,26759.0,27480.7,26672.2
2023-09-20,27125.0,27209.2,27378.6,26851.8
2023-09-21,26570.0,27125.2,27155.6,26382.3
2023-09-22,26581.9,26569.5,26736.4,26488.5
2023-09-23,26579.2,26581.7,26636.2,26517.5
2023-09-24,26251.5,26579.0,26727.6,26162.2
2023-09-25,26302.7,26251.6,26423.6,26013.6
2023-09-26,26218.9,26303.1,26396.2,26093.4
2023-09-27,26366.1,26218.9,26836.9,26109.1
2023-09-28,27022.6,26368.2,27283.6,26339.4
2023-09-29,26909.8,27022.6,27229.5,26728.8
2023-09-30,26962.7,26908.1,27085.7,26887.5
2023-10-01,27974.5,26962.5,28038.4,26955.7
2023-10-02,27505.3,27974.6,28556.6,27325.2
2023-10-03,27428.4,27501.6,27670.8,27194.1
2023-10-04,27790.9,27428.7,27832.7,27242.5
2023-10-05,27410.3,27783.5,28089.1,27371.7
2023-10-06,27936.9,27410.3,28223.6,27195.7
2023-10-07,27961.1,27935.5,28021.3,27859.0
2023-10-08,27922.7,27961.1,28097.5,27714.4
2023-10-09,27581.4,27922.7,27986.4,27279.5
2023-10-10,27391.0,27581.5,27728.1,27300.1
2023-10-11,26876.6,27391.9,27475.9,26558.4
2023-10-12,26761.1,26878.2,26942.8,26565.3
2023-10-13,26863.5,26761.1,27114.8,26682.9
2023-10-14,26852.8,26863.5,26975.7,26805.1
2023-10-15,27161.2,26852.8,27286.9,26812.6
2023-10-16,28509.7,27161.2,29969.5,27119.7
2023-10-17,28403.6,28508.3,28608.5,28096.9
2023-10-18,28321.7,28405.2,28876.0,28169.0
2023-10-19,28723.0,28321.8,28883.8,28170.2
2023-10-20,29674.5,28724.0,30165.9,28586.1
2023-10-21,29912.9,29674.7,30264.8,29469.1
2023-10-22,29984.2,29912.7,30193.4,29713.6
2023-10-23,33041.8,29984.2,34375.6,29891.4
2023-10-24,33917.0,33037.3,35191.4,32866.5
2023-10-25,34496.8,33917.0,35123.9,33713.4
2023-10-26,34153.7,34497.6,34826.0,33749.9
2023-10-27,33901.8,34153.7,34245.8,33423.6
2023-10-28,34082.6,33901.6,34387.8,33867.3
2023-10-29,34526.7,34082.6,34737.9,33937.6
2023-10-30,34477.9,34526.7,34853.3,34089.5
2023-10-31,34650.6,34478.9,34704.6,34053.9
2023-11-01,35423.8,34648.3,35557.5,34138.7
2023-11-02,34931.4,35423.8,35907.6,34357.4
2023-11-03,34718.7,34931.4,34940.6,34124.2
2023-11-04,35065.8,34718.6,35242.2,34601.1
2023-11-05,35019.4,35065.8,35360.2,34550.0
2023-11-06,35042.0,35020.3,35275.6,34742.9
2023-11-07,35426.1,35042.1,35877.9,34536.9
2023-11-08,35636.9,35426.2,36050.2,35148.8
2023-11-09,36700.5,35636.9,37942.0,35578.1
2023-11-10,37303.0,36700.5,37496.1,36347.2
2023-11-11,37150.5,37306.3,37401.3,36767.6
2023-11-12,37064.4,37149.0,37215.3,36761.9
2023-11-13,36478.3,37067.8,37404.6,36358.4
2023-11-14,35549.3,36478.3,36744.5,34984.3
2023-11-15,37874.9,35549.3,37954.1,35379.6
2023-11-16,36161.2,37873.9,37907.6,35561.6
2023-11-17,36595.4,36161.8,36690.6,35875.2
2023-11-18,36568.6,36617.5,36845.2,36220.6
2023-11-19,37354.2,36568.6,37504.6,36393.3
2023-11-20,37454.1,37356.6,37735.6,36857.6
2023-11-21,35813.6,37452.7,37631.2,35799.2
2023-11-22,37410.8,35797.5,37862.5,35695.6
2023-11-23,37293.1,37410.8,37642.5,36915.3
2023-11-24,37717.3,37295.0,38400.8,37257.4
2023-11-25,37787.0,37718.6,37887.4,37599.9
2023-11-26,37451.8,37786.4,37819.1,37166.3
2023-11-27,37248.6,37451.8,37563.3,36751.5
2023-11-28,37823.3,37244.3,38379.4,36881.1
2023-11-29,37855.5,37823.3,38362.9,37607.6
2023-11-30,37712.9,37857.6,38144.4,37509.2
2023-12-01,38688.2,37712.9,38950.8,37618.3
2023-12-02,39458.4,38688.2,39673.4,38646.5
2023-12-03,39970.2,39456.8,40178.9,39280.3
2023-12-04,41987.8,39968.6,42394.4,39968.6
2023-12-05,44076.2,41989.6,44424.1,41424.9
2023-12-06,43776.3,44076.2,44283.7,43466.7
2023-12-07,43289.7,43774.4,44046.4,42860.5
2023-12-08,44175.5,43288.3,44697.6,43108.4
2023-12-09,43718.4,44175.5,44361.2,43617.4
2023-12-10,43791.0,43716.6,44045.4,43576.8
2023-12-11,41256.1,43791.0,43806.3,40277.1
2023-12-12,41487.0,41256.1,42070.9,40691.5
2023-12-13,42884.5,41487.0,43417.5,40649.3
2023-12-14,43025.9,42886.3,43392.7,41591.2
2023-12-15,41929.0,43025.2,43080.7,41697.9
2023-12-16,42271.7,41929.0,42690.3,41698.2
2023-12-17,41368.7,42271.7,42413.2,41276.9
2023-12-18,42659.7,41369.1,42728.0,40554.0
2023-12-19,42259.3,42659.7,43473.3,41842.7
2023-12-20,43662.8,42259.5,44278.7,42217.2
2023-12-21,43865.9,43660.3,44241.8,43310.2
2023-12-22,43968.9,43865.9,44394.6,43419.3
2023-12-23,43710.4,43968.9,43994.6,43325.7
2023-12-24,42981.5,43710.4,43935.7,42748.5
2023-12-25,43578.5,42982.0,43792.7,42745.3
2023-12-26,42513.3,43579.9,43594.9,41796.6
2023-12-27,43446.5,42514.3,43676.7,42115.3
2023-12-28,42581.1,43446.5,43782.6,42309.3
2023-12-29,42072.4,42581.1,43108.0,41459.0
2023-12-30,42136.7,42074.7,42592.2,41527.3
2023-12-31,42272.5,42141.6,42878.8,41971.4
2024-01-01,44183.4,42272.5,44187.0,42196.7
2024-01-02,44943.7,44182.9,45885.4,44166.0
2024-01-03,42836.1,44943.7,45492.7,40888.3
2024-01-04,44157.0,42836.1,44744.5,42632.8
2024-01-05,44156.9,44163.0,44312.1,42629.0
2024-01-06,43967.9,44156.6,44203.2,43424.0
2024-01-07,43927.3,43973.5,44481.2,43627.9
2024-01-08,46962.2,43934.2,47196.7,43251.0
2024-01-09,46129.0,46959.2,47880.1,45333.9
2024-01-10,46629.3,46112.0,47654.3,44403.6
2024-01-11,46348.2,46629.3,48923.7,45651.8
2024-01-12,42835.9,46348.1,46503.2,41857.9
2024-01-13,42851.3,42836.7,43248.6,42443.3
2024-01-14,41746.1,42851.3,43069.4,41739.6
2024-01-15,42510.7,41747.6,43348.9,41719.2
2024-01-16,43145.5,42515.2,43563.7,42093.1
2024-01-17,42768.7,43139.1,43192.3,42211.8
2024-01-18,41292.7,42763.5,42908.0,40682.6
2024-01-19,41648.0,41293.8,42164.6,40305.4
2024-01-20,41695.4,41647.6,41858.0,41449.5
2024-01-21,41583.2,41695.4,41878.0,41504.5
2024-01-22,39556.4,41581.7,41684.9,39468.4
2024-01-23,39888.8,39555.0,40159.4,38546.9
2024-01-24,40086.0,39891.3,40535.2,39510.0
2024-01-25,39935.7,40085.1,40285.8,39546.3
2024-01-26,41811.3,39942.0,42214.8,39831.2
2024-01-27,42120.9,41811.5,42191.8,41413.0
2024-01-28,42030.7,42121.3,42817.1,41649.0
2024-01-29,43299.8,42031.4,43305.6,41824.7
2024-01-30,42946.2,43303.3,43817.9,42702.9
2024-01-31,42580.5,42946.2,43739.7,42315.4
2024-02-01,43081.4,42580.1,43263.1,41890.5
2024-02-02,43194.7,43083.7,43459.3,42596.3
2024-02-03,43005.7,43194.7,43370.4,42882.0
2024-02-04,42581.4,43006.2,43113.2,42379.4
2024-02-05,42697.2,42581.4,43532.2,42272.5
2024-02-06,43087.7,42697.6,43375.5,42566.8
2024-02-07,44339.8,43088.4,44367.9,42783.5
2024-02-08,45293.3,44346.2,45579.2,44336.4
2024-02-09,47127.5,45293.3,48118.8,45254.2
2024-02-10,47758.2,47128.0,48149.0,46875.0
2024-02-11,48277.3,47759.3,48531.6,47590.2
2024-02-12,49941.3,48280.2,50277.3,47729.9
2024-02-13,49716.0,49941.0,50326.6,48398.3
2024-02-14,51782.4,49708.6,52010.7,49263.8
2024-02-15,51901.3,51805.2,52819.4,51327.5
2024-02-16,52134.2,51901.4,52556.7,51612.6
2024-02-17,51646.0,52134.2,52175.5,50652.3
2024-02-18,52117.5,51646.0,52350.3,51199.6
2024-02-19,51783.6,52119.6,52484.8,51694.2
2024-02-20,52263.5,51783.1,52936.8,50801.8
2024-02-21,51858.2,52263.5,52367.3,50676.9
2024-02-22,51320.4,51850.2,52015.8,50947.3
2024-02-23,50740.5,51320.6,51532.5,50537.6
2024-02-24,51571.6,50739.6,51689.9,50592.0
2024-02-25,51722.7,51572.1,51952.0,51299.0
2024-02-26,54495.1,51722.7,54899.1,50925.2
2024-02-27,57056.2,54491.1,57555.2,54464.0
2024-02-28,62467.6,57048.7,63915.3,56704.9
2024-02-29,61169.3,62467.1,63653.4,60512.5
2024-03-01,62397.7,61157.3,63147.3,60790.9
2024-03-02,61994.5,62397.7,62446.3,61621.9
2024-03-03,63135.8,61955.6,63227.3,61399.4
2024-03-04,68270.1,63135.8,68495.1,62746.8
2024-03-05,63792.6,68273.1,69063.1,60138.2
2024-03-06,66080.4,63794.7,67604.9,62848.7
2024-03-07,66855.3,66074.6,67985.5,65602.6
2024-03-08,68172.0,66854.4,69904.0,66170.7
2024-03-09,68366.5,68178.5,68576.9,67923.9
2024-03-10,68964.8,68360.7,69905.3,68165.0
2024-03-11,72099.1,68964.7,72771.5,67452.8
2024-03-12,71470.2,72099.1,72916.7,68845.6
2024-03-13,73066.3,71461.9,73623.5,71338.4
2024-03-14,71387.5,73066.7,73740.9,68717.2
2024-03-15,69463.7,71387.1,72398.1,65765.6
2024-03-16,65314.2,69456.5,70037.0,64971.0
2024-03-17,68391.2,65314.2,68857.7,64605.5
2024-03-18,67594.1,68389.7,68920.1,66601.4
2024-03-19,62050.0,67594.1,68099.6,61560.6
2024-03-20,67854.0,62046.8,68029.5,60850.9
2024-03-21,65503.8,67860.0,68161.7,64616.1
2024-03-22,63785.5,65501.5,66633.3,62328.3
2024-03-23,64037.8,63785.6,65972.4,63074.9
2024-03-24,67211.9,64036.5,67587.8,63812.9
2024-03-25,69892.0,67216.4,71118.8,66395.0
2024-03-26,69999.3,69896.3,71490.7,69366.4
2024-03-27,69442.4,69999.2,71670.8,68428.6
2024-03-28,70762.1,69449.4,71542.5,68956.9
2024-03-29,69871.7,70766.7,70907.0,69090.9
2024-03-30,69611.5,69872.3,70321.2,69564.9
2024-03-31,71332.0,69608.5,71367.5,69576.6
2024-04-01,69664.4,71329.3,71329.3,68175.9
2024-04-02,65439.2,69662.7,69673.0,64628.4
2024-04-03,65963.0,65443.6,66844.8,64559.0
2024-04-04,68496.5,65968.4,69238.8,65096.3
2024-04-05,67830.6,68498.7,68692.2,66023.3
2024-04-06,68890.6,67830.5,69632.0,67467.2
2024-04-07,69360.4,68897.3,70285.8,68849.4
2024-04-08,71630.1,69358.0,72710.8,69110.5
2024-04-09,69148.0,71627.3,71737.2,68264.6
2024-04-10,70622.1,69147.8,71086.9,67570.0
2024-04-11,70011.6,70620.4,71249.2,69586.1
2024-04-12,67151.9,70014.9,71226.9,65829.3
2024-04-13,63849.9,67137.4,67921.0,61065.5
2024-04-14,65697.4,63909.5,65758.2,62174.7
2024-04-15,63411.9,65696.6,66805.1,62379.5
2024-04-16,63805.3,63416.1,64274.4,61715.6
2024-04-17,61278.9,63802.3,64451.5,59820.8
2024-04-18,63481.4,61278.9,64092.4,60822.3
2024-04-19,63799.1,63480.5,65441.2,59693.3
2024-04-20,64961.1,63817.6,65375.6,63131.7
2024-04-21,64940.2,64942.1,65680.6,64267.5
2024-04-22,66829.3,64940.1,67208.0,64527.5
2024-04-23,66415.0,66829.5,67180.0,65848.3
2024-04-24,64285.7,66414.9,67060.5,63606.9
2024-04-25,64497.1,64287.1,65247.5,62889.2
2024-04-26,63766.4,64497.1,64771.3,63354.9
2024-04-27,63456.8,63765.8,63916.7,62507.7
2024-04-28,63109.7,63457.9,64346.1,62827.8
2024-04-29,63860.1,63113.7,64193.1,61837.2
2024-04-30,60666.6,63852.4,64700.2,59228.7
2024-05-01,58331.2,60665.0,60827.5,56643.5
2024-05-02,59121.3,58334.9,59548.0,56989.8
2024-05-03,62877.5,59104.3,63298.4,58830.8
2024-05-04,63888.3,62887.1,64466.0,62599.1
2024-05-05,64006.4,63897.7,64587.2,62923.9
2024-05-06,63163.1,64005.8,65448.8,62730.7
2024-05-07,62317.7,63163.1,64361.0,62294.1
2024-05-08,61207.5,62304.9,62997.4,60894.2
2024-05-09,63075.0,61207.3,63413.3,60671.4
2024-05-10,60796.9,63074.3,63454.3,60251.8
2024-05-11,60826.6,60796.8,61487.5,60499.3
2024-05-12,61480.0,60826.6,61847.7,60647.1
2024-05-13,62937.2,61480.5,63443.2,60779.0
2024-05-14,61569.4,62936.8,63102.6,61156.9
2024-05-15,66225.1,61569.4,66417.1,61357.5
2024-05-16,65231.0,66219.6,66643.9,64623.3
2024-05-17,67036.8,65231.1,67420.7,65121.7
2024-05-18,66917.5,67036.6,67361.4,66636.1
2024-05-19,66279.1,66919.0,67662.5,65937.3
2024-05-20,71422.7,66278.3,71482.8,66076.5
2024-05-21,70139.9,71430.5,71872.0,69181.7
2024-05-22,69155.4,70141.0,70593.4,69024.3
2024-05-23,67975.7,69166.3,70041.0,66578.1
2024-05-24,68547.6,67971.1,69212.0,66685.8
2024-05-25,69284.4,68548.2,69558.8,68516.1
2024-05-26,68514.8,69287.2,69494.0,68294.5
2024-05-27,69428.7,68514.6,70638.3,68275.2
2024-05-28,68366.0,69428.3,69560.7,67299.9
2024-05-29,67635.8,68366.2,68897.6,67143.2
2024-05-30,68354.7,67631.3,69504.7,67138.4
2024-05-31,67530.1,68352.3,69018.2,66676.8
2024-06-01,67760.8,67533.9,67861.0,67449.6
2024-06-02,67773.5,67760.8,68447.5,67330.6
2024-06-03,68807.8,67763.3,70131.0,67616.8
2024-06-04,70549.2,68808.0,71034.2,68564.3
2024-06-05,71083.7,70550.9,71744.4,70397.1
2024-06-06,70791.5,71083.6,71616.1,70178.7
2024-06-07,69347.9,70793.4,71956.5,68620.7
2024-06-08,69310.1,69347.0,69572.1,69222.4
2024-06-09,69650.6,69310.5,69847.8,69136.7
2024-06-10,69538.2,69650.2,70152.5,69259.9
2024-06-11,67319.8,69537.9,69573.3,66197.8
2024-06-12,68260.1,67320.9,69990.8,66911.5
2024-06-13,66773.1,68260.6,68384.6,66324.3
2024-06-14,66034.8,66775.2,67347.7,65076.5
2024-06-15,66223.0,66034.1,66446.4,65895.1
2024-06-16,66674.7,66223.0,66951.4,66038.1
2024-06-17,66498.8,66672.9,67253.8,65115.4
2024-06-18,65159.9,66495.7,66571.2,64098.4
2024-06-19,64980.9,65159.8,65706.4,64705.6
2024-06-20,64854.3,64982.1,66474.2,64566.7
2024-06-21,64128.5,64854.3,65054.9,63427.9
2024-06-22,64261.0,64131.9,64523.9,63944.0
2024-06-23,63196.2,64261.0,64518.9,63195.3
2024-06-24,60292.7,63201.6,63357.1,58589.9
2024-06-25,61809.4,60292.0,62266.0,60262.2
2024-06-26,60849.4,61809.9,62469.4,60715.1
2024-06-27,61685.3,60848.3,62351.2,60629.4
2024-06-28,60403.3,61684.6,62175.4,60081.9
2024-06-29,60973.4,60403.7,61192.8,60382.8
2024-06-30,62754.3,60973.1,63006.6,60703.7
2024-07-01,62890.1,62768.8,63842.1,62558.0
2024-07-02,62103.3,62888.3,63257.0,61797.6
2024-07-03,60199.3,62104.9,62263.6,59466.6
2024-07-04,57026.3,60201.4,60463.0,56812.7
2024-07-05,56641.8,57025.7,57471.1,53883.4
2024-07-06,58259.2,56640.0,58462.0,56026.8
2024-07-07,55861.1,58240.2,58394.6,55756.3
2024-07-08,56724.7,55850.2,58115.8,54320.0
2024-07-09,58039.4,56721.3,58234.0,56306.3
2024-07-10,57746.7,58040.2,59393.8,57185.3
2024-07-11,57337.3,57745.9,59404.4,57095.0
2024-07-12,57885.1,57338.3,58520.9,56575.7
2024-07-13,59209.8,57897.4,59826.5,57770.6
2024-07-14,60794.9,59207.9,61326.9,59207.9
2024-07-15,64782.4,60794.7,64869.5,60678.8
2024-07-16,65049.7,64749.2,65319.5,62430.8
2024-07-17,64089.2,65052.8,66051.5,63897.5
2024-07-18,63980.5,64090.4,65102.0,63253.5
2024-07-19,66677.4,63981.2,67390.4,63326.1
2024-07-20,67148.5,66677.0,67586.4,66257.4
2024-07-21,68158.7,67147.8,68352.9,65825.6
2024-07-22,67553.6,68158.4,68468.9,66601.8
2024-07-23,65937.8,67550.4,67750.2,65512.9
2024-07-24,65370.5,65936.8,67072.1,65155.2
2024-07-25,65799.3,65363.9,66088.6,63500.9
2024-07-26,67908.6,65799.7,68205.0,65764.3
2024-07-27,67843.1,67910.8,69387.6,66776.8
2024-07-28,68256.3,67888.9,68291.9,67067.8
2024-07-29,66798.7,68256.3,70000.2,66544.5
2024-07-30,66184.9,66796.1,66998.3,65328.7
2024-07-31,64626.0,66185.4,66825.6,64538.3
2024-08-01,65372.9,64625.7,65587.9,62303.9
2024-08-02,61478.7,65351.8,65567.1,61242.3
2024-08-03,60696.7,61480.8,62184.2,59914.6
2024-08-04,58141.8,60700.2,61086.5,57346.9
2024-08-05,53979.0,58142.9,58291.4,49486.9
2024-08-06,56057.8,54010.8,57025.6,53998.2
2024-08-07,55120.9,56049.9,57669.6,54598.5
2024-08-08,61699.7,55112.8,62563.5,54786.9
2024-08-09,60850.6,61697.8,61712.3,59570.2
2024-08-10,60931.7,60844.5,61344.5,60264.2
2024-08-11,58713.3,60929.8,61677.3,58388.7
2024-08-12,59350.0,58711.7,60606.2,57689.0
2024-08-13,60595.2,59350.2,61537.0,58492.4
2024-08-14,58707.8,60594.6,61543.0,58491.2
2024-08-15,57534.6,58710.1,59831.4,56275.7
2024-08-16,58877.2,57545.1,59817.3,57129.1
2024-08-17,59483.1,58877.8,59659.5,58825.5
2024-08-18,58446.3,59485.4,60216.3,58436.1
2024-08-19,59470.9,58445.8,59598.5,57872.0
2024-08-20,59005.8,59470.3,61331.6,58612.0
2024-08-21,61158.1,59010.0,61812.0,58831.1
2024-08-22,60372.2,61158.3,61399.7,59815.8
2024-08-23,64053.1,60374.7,64830.1,60354.4
2024-08-24,64159.3,64061.7,64458.9,63579.5
2024-08-25,64273.2,64160.7,64939.2,63796.6
2024-08-26,62846.2,64240.7,64472.5,62841.1
2024-08-27,59450.9,62832.2,63201.4,58187.3
2024-08-28,59016.0,59425.6,60198.4,57912.1
2024-08-29,59373.5,59027.3,61150.6,58807.1
2024-08-30,59119.7,59371.7,59817.6,57874.7
2024-08-31,58978.6,59120.4,59447.0,58761.1
2024-09-01,57315.7,58975.7,59058.7,57232.4
2024-09-02,59134.0,57309.0,59416.6,57185.8
2024-09-03,57479.8,59133.7,59799.7,57436.9
2024-09-04,57973.4,57490.4,58508.8,55732.1
2024-09-05,56183.2,57970.7,58318.9,55744.6
2024-09-06,53966.8,56179.7,56969.1,52644.6
2024-09-07,54156.5,53965.0,54819.2,53754.3
2024-09-08,54861.3,54161.4,55292.7,53642.4
2024-09-09,57049.6,54868.0,57956.7,54595.4
2024-09-10,57635.0,57045.6,58019.9,56415.3
2024-09-11,57338.7,57638.0,57975.9,55576.6
2024-09-12,58134.5,57335.5,58484.1,57329.6
2024-09-13,60511.6,58134.4,60625.4,57656.8
2024-09-14,59995.4,60514.8,60609.4,59494.3
2024-09-15,59138.5,59995.6,60377.6,58717.9
2024-09-16,58213.1,59126.2,59204.3,57527.8
2024-09-17,60309.1,58213.1,61309.0,57630.2
2024-09-18,61757.6,60308.5,61757.6,59210.7
2024-09-19,62938.6,61754.8,63849.6,61596.5
2024-09-20,63201.2,62942.4,64085.1,62367.1
2024-09-21,63348.1,63201.2,63526.3,62778.6
2024-09-22,63572.7,63351.2,63998.2,62394.6
2024-09-23,63331.8,63575.4,64723.4,62650.0
2024-09-24,64256.8,63335.9,64664.1,62740.8
2024-09-25,63156.5,64262.9,64788.4,62952.8
2024-09-26,65175.7,63157.2,65770.9,62693.3
2024-09-27,65776.3,65168.8,66440.7,64839.2
2024-09-28,65866.5,65775.6,66232.5,65438.1
2024-09-29,65607.1,65862.8,66065.7,65436.8
2024-09-30,63339.2,65607.0,65607.0,62901.1
2024-10-01,60835.5,63329.9,64125.3,60195.9
2024-10-02,60645.7,60834.2,62339.8,60002.7
2024-10-03,60751.2,60642.0,61468.9,59904.4
2024-10-04,62081.0,60751.4,62471.7,60469.3
2024-10-05,62061.4,62085.5,62366.8,61705.7
2024-10-06,62819.4,62062.0,62934.5,61495.4
2024-10-07,62245.6,62819.8,64449.3,62175.8
2024-10-08,62157.0,62226.9,63196.6,61883.2
2024-10-09,60628.8,62157.0,62537.0,60355.5
2024-10-10,60316.2,60628.9,61304.6,59075.7
2024-10-11,62499.4,60317.5,63385.1,60080.6
2024-10-12,63205.1,62506.6,63463.1,62486.1
2024-10-13,62870.9,63205.4,63284.6,62054.2
2024-10-14,66081.7,62870.7,66476.6,62463.7
2024-10-15,67077.5,66084.1,67821.9,64850.6
2024-10-16,67617.9,67075.1,68389.4,66766.6
2024-10-17,67418.4,67618.1,67933.5,66677.3
2024-10-18,68423.1,67416.5,68990.3,67190.9
2024-10-19,68372.0,68426.4,68688.8,68025.5
2024-10-20,69030.5,68373.3,69386.4,67443.9
2024-10-21,67371.3,69030.5,69490.8,66845.5
2024-10-22,67427.3,67370.8,67815.3,66609.4
2024-10-23,66663.7,67428.6,67441.1,65246.7
2024-10-24,68191.5,66659.2,68831.8,66510.6
2024-10-25,66696.8,68191.9,68756.8,65644.2
2024-10-26,67086.8,66694.5,67408.4,66443.8
2024-10-27,68004.6,67084.7,68308.0,66924.6
2024-10-28,69954.1,68011.9,70203.4,67610.0
2024-10-29,72730.4,69957.2,73569.4,69753.2
2024-10-30,72347.8,72732.5,72907.4,71460.0
2024-10-31,70281.8,72343.7,72685.7,69674.5
2024-11-01,69507.2,70278.7,71598.4,68846.0
2024-11-02,69325.8,69499.3,69896.9,69029.0
2024-11-03,68769.6,69334.8,69383.6,67514.2
2024-11-04,67848.8,68770.3,69483.4,66834.0
2024-11-05,69373.7,67848.3,70495.6,67473.6
2024-11-06,75586.3,69374.1,76401.4,69323.0
2024-11-07,75868.6,75585.5,76837.8,74448.2
2024-11-08,76517.3,75869.8,77188.5,75599.0
2024-11-09,76700.3,76506.1,76904.0,75732.5
2024-11-10,80388.5,76681.4,81373.5,76520.5
2024-11-11,88664.1,80389.0,89519.0,80231.8
2024-11-12,87941.3,88665.0,89929.6,85122.2
2024-11-13,90422.2,87971.2,93226.6,86168.4
2024-11-14,87294.0,90424.8,91726.7,86740.2
2024-11-15,91046.5,87297.2,91833.1,87118.8
2024-11-16,90539.1,91035.3,91748.9,90079.0
2024-11-17,89833.7,90569.4,91441.6,88736.1
2024-11-18,90478.7,89843.3,92567.1,89410.4
2024-11-19,92239.2,90482.1,93918.5,90378.7
2024-11-20,94303.9,92252.6,94836.1,91517.4
2024-11-21,98374.5,94308.7,98937.2,94063.8
2024-11-22,98929.7,98381.2,99617.4,97182.2
2024-11-23,97699.0,98927.2,98927.2,97180.9
2024-11-24,97935.2,97696.4,98552.6,95765.4
2024-11-25,93064.4,97948.8,98872.4,92875.3
2024-11-26,91977.6,93046.5,94978.8,90817.2
2024-11-27,95886.6,91975.5,97219.8,91795.5
2024-11-28,95645.5,95881.4,96549.0,94648.8
2024-11-29,97438.0,95645.6,98599.8,95405.7
2024-11-30,96405.7,97438.5,97461.9,96119.6
2024-12-01,97201.4,96404.7,97813.9,95721.8
2024-12-02,95846.6,97199.3,98082.0,94510.6
2024-12-03,95898.7,95843.9,96245.0,93646.1
2024-12-04,98635.8,95900.1,99030.7,94625.3
2024-12-05,96970.8,98624.8,103719.4,92510.4
2024-12-06,99760.7,96968.9,101908.5,96452.0
2024-12-07,99837.0,99757.2,100441.8,98969.0
2024-12-08,101115.8,99837.0,101339.9,98713.9
2024-12-09,97359.4,101129.7,101198.6,94395.8
2024-12-10,96600.3,97311.5,98237.8,94304.5
2024-12-11,101126.2,96603.2,101877.1,95689.5
2024-12-12,100009.9,101126.3,102495.3,99334.5
2024-12-13,101426.2,100008.3,101891.2,99214.2
2024-12-14,101417.7,101423.7,102633.0,100626.3
2024-12-15,104443.0,101417.9,105120.9,101234.9
2024-12-16,106057.6,104479.2,107767.6,103351.7
2024-12-17,106138.9,106053.4,108244.9,105350.6
2024-12-18,100197.8,106140.7,106477.6,100049.3
2024-12-19,97466.1,100190.5,102778.8,95672.2
2024-12-20,97795.7,97468.3,98178.2,92301.9
2024-12-21,97253.3,97799.1,99531.9,96478.6
2024-12-22,95183.8,97281.6,97422.2,94265.2
2024-12-23,94852.1,95184.8,96517.8,92543.2
2024-12-24,98668.1,94852.8,99446.6,93566.2
2024-12-25,99391.3,98661.9,99514.1,97651.9
2024-12-26,95777.7,99389.4,99922.5,95193.3
2024-12-27,94275.9,95776.4,97243.3,93472.8
2024-12-28,95284.5,94274.9,95684.3,94124.7
2024-12-29,93716.3,95282.6,95315.4,93026.7
2024-12-30,92779.8,93718.7,94936.4,91522.3
2024-12-31,93557.2,92777.2,96163.4,92036.2
2025-01-01,94560.2,93557.3,95100.0,92939.3
2025-01-02,96960.0,94561.1,97808.0,94381.2
2025-01-03,98167.5,96960.2,98963.3,96090.6
2025-01-04,98219.9,98168.9,98742.6,97568.9
2025-01-05,98347.7,98220.1,98823.1,97300.0
2025-01-06,102248.7,98373.2,102474.5,97932.3
2025-01-07,96929.8,102247.9,102678.2,96201.3
2025-01-08,95066.6,96938.2,97266.4,92716.6
2025-01-09,92539.8,95066.6,95323.1,91241.9
2025-01-10,94724.1,92540.5,95760.6,92310.6
2025-01-11,94596.7,94724.0,95009.4,93847.8
2025-01-12,94533.6,94598.0,95383.2,93736.6
2025-01-13,94534.3,94540.5,95906.9,89664.8
2025-01-14,96542.1,94536.7,97361.2,94359.5
2025-01-15,100499.8,96547.4,100671.0,96501.9
2025-01-16,100004.5,100499.9,100812.4,97400.2
2025-01-17,104084.9,99991.9,105843.8,99956.2
2025-01-18,104536.9,104084.7,104953.1,102297.0
2025-01-19,101319.5,104536.8,106338.2,99742.7
2025-01-20,102197.7,101313.3,109228.6,99676.0
2025-01-21,106157.2,102190.2,107211.9,100192.5
2025-01-22,103684.8,106157.2,106266.2,103354.4
2025-01-23,103912.1,103681.3,106806.5,101281.6
2025-01-24,104862.3,103913.6,107102.2,102760.0
2025-01-25,104742.9,104861.4,105255.6,104133.9
2025-01-26,102637.8,104743.8,105399.8,102543.8
2025-01-27,102091.7,102618.3,103234.8,97987.5
2025-01-28,101349.3,102085.2,103584.1,100288.0
2025-01-29,103722.0,101342.1,104760.0,101340.6
2025-01-30,104726.9,103723.0,106409.1,103388.4
2025-01-31,104925.3,104726.9,105010.9,103936.5
